{
  "tm_score_chain_1": 0.97989,
  "tm_score_chain_2": 0.97989
}