log_likelihood,avg_log_likelihood,perplexity
-80.43099212646484,-0.3543215512179068,1.425213391909629
