log_likelihood,avg_log_likelihood,perplexity
-80.430908203125,-0.3543211815115639,1.4252128649992954
