log_likelihood,avg_log_likelihood,perplexity
-80.43096923828125,-0.35432145038890417,1.4252132482067914
