sequence_index,layer,position,residue,feature_index,magnitude
0,23,1,M,9211,9.498722076416016
0,23,1,M,386,7.92655086517334
0,23,1,M,8836,7.820750713348389
0,23,1,M,15182,7.339593410491943
0,23,1,M,5562,6.959718227386475
0,23,1,M,12880,6.647408485412598
0,23,1,M,13844,6.4642133712768555
0,23,1,M,6760,5.57100248336792
0,23,1,M,1251,5.1607255935668945
0,23,1,M,11936,3.8093080520629883
0,23,1,M,4823,3.4806394577026367
0,23,1,M,13630,3.4067394733428955
0,23,1,M,2381,3.337397813796997
0,23,1,M,6965,3.2390434741973877
0,23,1,M,2545,3.2353243827819824
0,23,1,M,1078,2.5339462757110596
0,23,1,M,2512,2.5324296951293945
0,23,1,M,8625,2.3750414848327637
0,23,1,M,8205,2.306851387023926
0,23,1,M,8791,2.1973090171813965
0,23,1,M,4637,2.062342643737793
0,23,1,M,1087,1.9410840272903442
0,23,1,M,10871,1.8945198059082031
0,23,1,M,3143,1.525113582611084
0,23,1,M,2015,1.3281712532043457
0,23,1,M,4687,1.3051313161849976
0,23,1,M,4928,1.2269152402877808
0,23,1,M,8034,1.1748663187026978
0,23,1,M,15978,1.151989221572876
0,23,1,M,5212,1.0661885738372803
0,23,1,M,15396,1.0653269290924072
0,23,1,M,7306,1.060779094696045
0,23,1,M,11760,1.0365445613861084
0,23,1,M,15392,1.0087788105010986
0,23,1,M,5036,1.0069615840911865
0,23,1,M,5893,0.9944800734519958
0,23,1,M,5834,0.9917027950286865
0,23,1,M,11245,0.9671224355697632
0,23,1,M,1469,0.9399825930595398
0,23,1,M,14190,0.9248620867729187
0,23,1,M,7815,0.8802595734596252
0,23,1,M,13857,0.8337998390197754
0,23,1,M,13297,0.8314667344093323
0,23,1,M,8378,0.8302977085113525
0,23,1,M,4115,0.8238640427589417
0,23,1,M,293,0.7964575290679932
0,23,1,M,16009,0.7947251200675964
0,23,1,M,3745,0.7920753955841064
0,23,1,M,13890,0.7889726758003235
0,23,1,M,3565,0.7884727716445923
0,23,1,M,5937,0.7849395275115967
0,23,1,M,8317,0.7818341851234436
0,23,1,M,5735,0.7808947563171387
0,23,1,M,15172,0.7607097625732422
0,23,1,M,9993,0.733546257019043
0,23,1,M,12997,0.7317730188369751
0,23,1,M,9772,0.7290272116661072
0,23,1,M,15017,0.7275891900062561
0,23,1,M,15476,0.7103211879730225
0,23,1,M,2873,0.7089956402778625
0,23,1,M,6956,0.7083667516708374
0,23,1,M,12650,0.6969653964042664
0,23,1,M,13406,0.6914787292480469
0,23,1,M,15579,0.6894153356552124
0,23,2,Q,9211,9.212994575500488
0,23,2,Q,8836,8.833409309387207
0,23,2,Q,5562,7.5982184410095215
0,23,2,Q,386,6.965944766998291
0,23,2,Q,12880,6.255519866943359
0,23,2,Q,13844,6.134744167327881
0,23,2,Q,6760,5.586158275604248
0,23,2,Q,15182,5.585052967071533
0,23,2,Q,2381,4.94235372543335
0,23,2,Q,6851,4.618810176849365
0,23,2,Q,13630,4.546783924102783
0,23,2,Q,1251,4.4543561935424805
0,23,2,Q,5735,3.914750337600708
0,23,2,Q,4637,3.6931960582733154
0,23,2,Q,14928,3.1892611980438232
0,23,2,Q,2512,2.7963411808013916
0,23,2,Q,13895,2.4697654247283936
0,23,2,Q,11760,1.788163423538208
0,23,2,Q,1078,1.7791682481765747
0,23,2,Q,10752,1.705857753753662
0,23,2,Q,8625,1.5742347240447998
0,23,2,Q,4687,1.5711244344711304
0,23,2,Q,5937,1.545153021812439
0,23,2,Q,14290,1.3197880983352661
0,23,2,Q,3451,1.2936025857925415
0,23,2,Q,3143,1.2725939750671387
0,23,2,Q,4754,1.2418129444122314
0,23,2,Q,3164,1.2335525751113892
0,23,2,Q,15939,1.231081247329712
0,23,2,Q,12650,1.1250897645950317
0,23,2,Q,5172,1.1053307056427002
0,23,2,Q,8996,1.0827999114990234
0,23,2,Q,4928,1.0160163640975952
0,23,2,Q,1261,0.9801431894302368
0,23,2,Q,15082,0.9708304405212402
0,23,2,Q,15594,0.960334837436676
0,23,2,Q,11956,0.9364824295043945
0,23,2,Q,16052,0.9355625510215759
0,23,2,Q,293,0.9350672364234924
0,23,2,Q,3280,0.9170935750007629
0,23,2,Q,13382,0.8895231485366821
0,23,2,Q,1375,0.8882256746292114
0,23,2,Q,5300,0.8865671157836914
0,23,2,Q,9993,0.8657040596008301
0,23,2,Q,15396,0.8589566349983215
0,23,2,Q,10655,0.8299139738082886
0,23,2,Q,11985,0.7910470366477966
0,23,2,Q,8053,0.7902082800865173
0,23,2,Q,1402,0.7890239357948303
0,23,2,Q,1951,0.7657452821731567
0,23,2,Q,8080,0.7648216485977173
0,23,2,Q,10995,0.7473061680793762
0,23,2,Q,13288,0.7433438897132874
0,23,2,Q,15432,0.7402346730232239
0,23,2,Q,6257,0.7391582727432251
0,23,2,Q,13457,0.7327402234077454
0,23,2,Q,2071,0.7317107915878296
0,23,2,Q,15823,0.7249002456665039
0,23,2,Q,2500,0.7184152007102966
0,23,2,Q,13890,0.7088088989257812
0,23,2,Q,11903,0.7083244323730469
0,23,2,Q,14827,0.7020962238311768
0,23,2,Q,16338,0.6962100267410278
0,23,2,Q,14825,0.6936832666397095
0,23,3,I,5562,9.196417808532715
0,23,3,I,2381,8.071556091308594
0,23,3,I,9211,7.347663402557373
0,23,3,I,8836,5.92765998840332
0,23,3,I,6760,5.546414375305176
0,23,3,I,386,5.492229461669922
0,23,3,I,13630,4.955821990966797
0,23,3,I,15182,4.699413299560547
0,23,3,I,4637,4.612725734710693
0,23,3,I,12880,4.338043212890625
0,23,3,I,2678,3.8633241653442383
0,23,3,I,13844,3.5841801166534424
0,23,3,I,2512,3.487053632736206
0,23,3,I,2945,3.334963083267212
0,23,3,I,13895,2.971202850341797
0,23,3,I,4679,2.8834073543548584
0,23,3,I,14290,2.5826005935668945
0,23,3,I,1251,1.9388774633407593
0,23,3,I,11956,1.5728340148925781
0,23,3,I,1712,1.5419237613677979
0,23,3,I,4687,1.5370653867721558
0,23,3,I,8996,1.536351203918457
0,23,3,I,7483,1.451032042503357
0,23,3,I,5893,1.4470267295837402
0,23,3,I,12595,1.399716854095459
0,23,3,I,15594,1.37065589427948
0,23,3,I,13169,1.3619595766067505
0,23,3,I,10995,1.351860761642456
0,23,3,I,902,1.344332218170166
0,23,3,I,5735,1.3417686223983765
0,23,3,I,7510,1.329216718673706
0,23,3,I,7072,1.2978236675262451
0,23,3,I,7306,1.2889251708984375
0,23,3,I,11760,1.2640032768249512
0,23,3,I,9210,1.2304586172103882
0,23,3,I,14827,1.2064001560211182
0,23,3,I,15887,1.1758520603179932
0,23,3,I,5172,1.1561198234558105
0,23,3,I,10345,1.1542975902557373
0,23,3,I,293,1.1508830785751343
0,23,3,I,1087,1.1018433570861816
0,23,3,I,660,1.086843490600586
0,23,3,I,15160,1.0653456449508667
0,23,3,I,10658,1.0188366174697876
0,23,3,I,4189,1.0091239213943481
0,23,3,I,4074,0.992302417755127
0,23,3,I,7916,0.9916947484016418
0,23,3,I,7655,0.9749782681465149
0,23,3,I,16144,0.973939836025238
0,23,3,I,2102,0.9604864120483398
0,23,3,I,4607,0.9474007487297058
0,23,3,I,8625,0.9410740733146667
0,23,3,I,538,0.9306539297103882
0,23,3,I,13830,0.9100213646888733
0,23,3,I,7973,0.9038612842559814
0,23,3,I,11985,0.8998321294784546
0,23,3,I,16288,0.8956862092018127
0,23,3,I,928,0.8841404318809509
0,23,3,I,15386,0.8784977197647095
0,23,3,I,808,0.8734202980995178
0,23,3,I,3815,0.8674554228782654
0,23,3,I,12619,0.8669663667678833
0,23,3,I,11898,0.8599126935005188
0,23,3,I,6389,0.8567257523536682
0,23,4,F,9211,8.676587104797363
0,23,4,F,5562,7.635504722595215
0,23,4,F,8836,7.426510810852051
0,23,4,F,386,7.204373359680176
0,23,4,F,2381,6.937070846557617
0,23,4,F,6760,6.26353645324707
0,23,4,F,13844,5.883805274963379
0,23,4,F,12880,5.586510181427002
0,23,4,F,15182,5.541972637176514
0,23,4,F,3286,4.934250354766846
0,23,4,F,13630,4.816870212554932
0,23,4,F,2512,3.8093414306640625
0,23,4,F,1251,2.922851324081421
0,23,4,F,4637,2.760580062866211
0,23,4,F,4831,2.5689547061920166
0,23,4,F,13895,2.3473563194274902
0,23,4,F,14290,2.019516944885254
0,23,4,F,14321,1.928285837173462
0,23,4,F,8996,1.926452875137329
0,23,4,F,12067,1.7408288717269897
0,23,4,F,3143,1.6838957071304321
0,23,4,F,11956,1.4866610765457153
0,23,4,F,12994,1.4060715436935425
0,23,4,F,293,1.3491264581680298
0,23,4,F,1375,1.270264983177185
0,23,4,F,12676,1.252543568611145
0,23,4,F,13169,1.2365244626998901
0,23,4,F,4687,1.184212327003479
0,23,4,F,5172,1.177154779434204
0,23,4,F,6851,1.100877285003662
0,23,4,F,11760,1.0653105974197388
0,23,4,F,534,1.0591844320297241
0,23,4,F,4938,1.0588905811309814
0,23,4,F,16079,1.0473724603652954
0,23,4,F,13549,1.0367201566696167
0,23,4,F,14240,1.0278936624526978
0,23,4,F,8625,1.017151951789856
0,23,4,F,1261,0.9984717965126038
0,23,4,F,965,0.9959069490432739
0,23,4,F,2269,0.9797707796096802
0,23,4,F,9519,0.9769987463951111
0,23,4,F,15671,0.9748346209526062
0,23,4,F,14254,0.9636170864105225
0,23,4,F,16052,0.9494602680206299
0,23,4,F,6906,0.9422520995140076
0,23,4,F,7072,0.9321463108062744
0,23,4,F,5464,0.918394148349762
0,23,4,F,3764,0.8840714693069458
0,23,4,F,7510,0.8374103903770447
0,23,4,F,14272,0.8306862711906433
0,23,4,F,7581,0.8179330825805664
0,23,4,F,15594,0.8161547183990479
0,23,4,F,1113,0.7968130111694336
0,23,4,F,10977,0.7915017008781433
0,23,4,F,3646,0.7800303101539612
0,23,4,F,5893,0.7779795527458191
0,23,4,F,538,0.7762800455093384
0,23,4,F,5910,0.7738267183303833
0,23,4,F,14201,0.7590821385383606
0,23,4,F,10658,0.7519727945327759
0,23,4,F,5927,0.746536374092102
0,23,4,F,1213,0.7443691492080688
0,23,4,F,3945,0.743219256401062
0,23,4,F,893,0.7428386211395264
0,23,5,V,5562,9.124850273132324
0,23,5,V,2381,8.278890609741211
0,23,5,V,9211,7.850934982299805
0,23,5,V,386,6.865546226501465
0,23,5,V,6760,6.1183905601501465
0,23,5,V,8836,5.530764102935791
0,23,5,V,13844,4.848372936248779
0,23,5,V,12880,4.381504058837891
0,23,5,V,13630,4.288031578063965
0,23,5,V,13298,3.7218220233917236
0,23,5,V,2512,3.702303886413574
0,23,5,V,15182,3.631627082824707
0,23,5,V,548,3.4466099739074707
0,23,5,V,13895,2.7779431343078613
0,23,5,V,13169,2.175961494445801
0,23,5,V,13549,2.165908098220825
0,23,5,V,12676,2.1551499366760254
0,23,5,V,4783,2.134186029434204
0,23,5,V,3143,2.1206624507904053
0,23,5,V,660,2.100351572036743
0,23,5,V,14290,1.9942494630813599
0,23,5,V,16079,1.9776346683502197
0,23,5,V,8996,1.90709388256073
0,23,5,V,7483,1.8648970127105713
0,23,5,V,1251,1.7569258213043213
0,23,5,V,11985,1.648067593574524
0,23,5,V,1235,1.4519635438919067
0,23,5,V,3764,1.4110099077224731
0,23,5,V,5464,1.3230338096618652
0,23,5,V,7072,1.297161340713501
0,23,5,V,6893,1.2215477228164673
0,23,5,V,928,1.149497628211975
0,23,5,V,4687,1.1440389156341553
0,23,5,V,6906,1.1405452489852905
0,23,5,V,534,1.1238459348678589
0,23,5,V,8257,1.1126222610473633
0,23,5,V,8625,1.0662965774536133
0,23,5,V,5172,1.062940239906311
0,23,5,V,4637,1.049270510673523
0,23,5,V,12517,1.0027811527252197
0,23,5,V,9993,0.9900985956192017
0,23,5,V,10222,0.9819381237030029
0,23,5,V,3945,0.980583667755127
0,23,5,V,12067,0.9722780585289001
0,23,5,V,7581,0.9515902400016785
0,23,5,V,15472,0.9217320084571838
0,23,5,V,10753,0.9185253381729126
0,23,5,V,4384,0.9036140441894531
0,23,5,V,12277,0.8968403339385986
0,23,5,V,15823,0.8821929097175598
0,23,5,V,5743,0.8602193593978882
0,23,5,V,13746,0.85640949010849
0,23,5,V,7919,0.8441452383995056
0,23,5,V,2166,0.841250479221344
0,23,5,V,4322,0.8395805954933167
0,23,5,V,15179,0.82433021068573
0,23,5,V,11956,0.8239136934280396
0,23,5,V,4679,0.8144011497497559
0,23,5,V,656,0.8095023036003113
0,23,5,V,1261,0.8057340383529663
0,23,5,V,15594,0.7990522384643555
0,23,5,V,3280,0.7987353801727295
0,23,5,V,12484,0.7922357320785522
0,23,5,V,3321,0.7806476950645447
0,23,6,K,9211,9.806876182556152
0,23,6,K,8836,8.858847618103027
0,23,6,K,5562,7.7874298095703125
0,23,6,K,386,6.214344501495361
0,23,6,K,13844,6.06340217590332
0,23,6,K,2381,5.694387912750244
0,23,6,K,6760,5.345054626464844
0,23,6,K,12880,4.971823692321777
0,23,6,K,13549,4.603285789489746
0,23,6,K,1251,4.277095317840576
0,23,6,K,12457,4.127121448516846
0,23,6,K,13630,4.061381816864014
0,23,6,K,5052,3.9321646690368652
0,23,6,K,340,3.8933169841766357
0,23,6,K,15182,3.5577168464660645
0,23,6,K,2512,3.54314923286438
0,23,6,K,3143,2.842236042022705
0,23,6,K,4566,2.470318555831909
0,23,6,K,12676,2.442074775695801
0,23,6,K,13895,2.1918935775756836
0,23,6,K,13169,2.0259838104248047
0,23,6,K,14290,1.8815829753875732
0,23,6,K,8996,1.5017980337142944
0,23,6,K,16079,1.45905339717865
0,23,6,K,5144,1.3126890659332275
0,23,6,K,15823,1.3014823198318481
0,23,6,K,6906,1.1908782720565796
0,23,6,K,534,1.1722705364227295
0,23,6,K,14254,1.1501699686050415
0,23,6,K,11769,1.1428501605987549
0,23,6,K,5172,1.1417025327682495
0,23,6,K,11985,1.0951534509658813
0,23,6,K,9993,1.0932183265686035
0,23,6,K,5464,1.0811858177185059
0,23,6,K,3945,1.060671091079712
0,23,6,K,12177,1.060246229171753
0,23,6,K,1261,1.0072166919708252
0,23,6,K,13746,0.9829042553901672
0,23,6,K,1263,0.977449357509613
0,23,6,K,15472,0.976919949054718
0,23,6,K,10753,0.9460280537605286
0,23,6,K,4687,0.9382733702659607
0,23,6,K,7072,0.9381793141365051
0,23,6,K,9519,0.924948513507843
0,23,6,K,4384,0.9031081199645996
0,23,6,K,15594,0.9017159938812256
0,23,6,K,10998,0.8932084441184998
0,23,6,K,829,0.8816519975662231
0,23,6,K,12656,0.8812847137451172
0,23,6,K,973,0.875661313533783
0,23,6,K,169,0.8718849420547485
0,23,6,K,12650,0.8716254830360413
0,23,6,K,240,0.863656759262085
0,23,6,K,4938,0.8583828806877136
0,23,6,K,3764,0.8573768138885498
0,23,6,K,5713,0.8555168509483337
0,23,6,K,8217,0.8490407466888428
0,23,6,K,12067,0.8346532583236694
0,23,6,K,7809,0.8039816617965698
0,23,6,K,3665,0.8014227151870728
0,23,6,K,7228,0.7833477258682251
0,23,6,K,893,0.7801246643066406
0,23,6,K,14986,0.767784059047699
0,23,6,K,8257,0.7590160965919495
0,23,7,T,386,8.164963722229004
0,23,7,T,8836,8.04377269744873
0,23,7,T,5562,7.805593967437744
0,23,7,T,9211,7.281538963317871
0,23,7,T,4335,7.046977996826172
0,23,7,T,13844,5.459431171417236
0,23,7,T,2786,5.441512107849121
0,23,7,T,6760,4.930206775665283
0,23,7,T,12880,4.3341450691223145
0,23,7,T,13902,3.9260094165802
0,23,7,T,2381,3.9252331256866455
0,23,7,T,10226,3.8269269466400146
0,23,7,T,13736,3.586015462875366
0,23,7,T,13630,3.552485227584839
0,23,7,T,15182,3.173443555831909
0,23,7,T,2512,3.119990348815918
0,23,7,T,3143,2.9724245071411133
0,23,7,T,1251,2.9012763500213623
0,23,7,T,14290,1.9341917037963867
0,23,7,T,12676,1.874602198600769
0,23,7,T,13895,1.8682187795639038
0,23,7,T,12177,1.8125402927398682
0,23,7,T,11623,1.7996270656585693
0,23,7,T,9993,1.7183504104614258
0,23,7,T,13549,1.665464162826538
0,23,7,T,656,1.4638365507125854
0,23,7,T,11985,1.3900724649429321
0,23,7,T,5172,1.3050227165222168
0,23,7,T,14103,1.2525203227996826
0,23,7,T,7228,1.2276641130447388
0,23,7,T,4687,1.1927109956741333
0,23,7,T,12994,1.1662012338638306
0,23,7,T,3087,1.1591688394546509
0,23,7,T,1366,1.1314866542816162
0,23,7,T,5464,1.1266897916793823
0,23,7,T,16079,1.1181609630584717
0,23,7,T,13169,1.0610408782958984
0,23,7,T,5034,1.053133249282837
0,23,7,T,3258,1.0032058954238892
0,23,7,T,15172,0.9781187176704407
0,23,7,T,1542,0.966596782207489
0,23,7,T,8142,0.9251099228858948
0,23,7,T,5144,0.9219648241996765
0,23,7,T,893,0.9196235537528992
0,23,7,T,15594,0.9021736979484558
0,23,7,T,11465,0.8947160840034485
0,23,7,T,14532,0.85722416639328
0,23,7,T,12326,0.842127799987793
0,23,7,T,15612,0.815322756767273
0,23,7,T,96,0.8061645030975342
0,23,7,T,5893,0.8014165163040161
0,23,7,T,8996,0.7939562201499939
0,23,7,T,10941,0.7906262278556824
0,23,7,T,10878,0.7852761149406433
0,23,7,T,4384,0.7843965888023376
0,23,7,T,6012,0.7813459634780884
0,23,7,T,14411,0.7793906331062317
0,23,7,T,2166,0.7789124250411987
0,23,7,T,6893,0.7783372402191162
0,23,7,T,14077,0.771257758140564
0,23,7,T,11956,0.7659453749656677
0,23,7,T,5293,0.7640863656997681
0,23,7,T,9007,0.7638171315193176
0,23,7,T,8217,0.7604652643203735
0,23,8,L,9211,8.434102058410645
0,23,8,L,8836,8.014076232910156
0,23,8,L,13844,7.988779067993164
0,23,8,L,386,7.668524265289307
0,23,8,L,6760,6.706620693206787
0,23,8,L,5562,6.0028605461120605
0,23,8,L,12880,5.626415729522705
0,23,8,L,3143,5.582611083984375
0,23,8,L,15182,5.532968521118164
0,23,8,L,2381,4.18303108215332
0,23,8,L,13630,3.883824348449707
0,23,8,L,6524,3.6154873371124268
0,23,8,L,1251,3.4048571586608887
0,23,8,L,2512,3.113266944885254
0,23,8,L,13377,2.4098148345947266
0,23,8,L,13169,2.2723402976989746
0,23,8,L,4530,2.1354613304138184
0,23,8,L,13895,1.820082426071167
0,23,8,L,12676,1.7042492628097534
0,23,8,L,12177,1.6963930130004883
0,23,8,L,2269,1.6649420261383057
0,23,8,L,14290,1.6140629053115845
0,23,8,L,9859,1.601194143295288
0,23,8,L,15594,1.3608661890029907
0,23,8,L,9993,1.3560343980789185
0,23,8,L,12457,1.3363478183746338
0,23,8,L,4919,1.3168699741363525
0,23,8,L,14240,1.290134072303772
0,23,8,L,8949,1.2858384847640991
0,23,8,L,5172,1.227128505706787
0,23,8,L,6906,1.1940644979476929
0,23,8,L,8996,1.188334584236145
0,23,8,L,8791,1.185868263244629
0,23,8,L,5144,1.177909016609192
0,23,8,L,9772,1.1609019041061401
0,23,8,L,5464,1.1260333061218262
0,23,8,L,8217,1.1179192066192627
0,23,8,L,11985,1.0893338918685913
0,23,8,L,1239,1.068346381187439
0,23,8,L,6650,1.056387186050415
0,23,8,L,12650,1.0506292581558228
0,23,8,L,5713,1.0339515209197998
0,23,8,L,5300,1.0089802742004395
0,23,8,L,16289,0.9841920137405396
0,23,8,L,1252,0.955306887626648
0,23,8,L,10753,0.930199384689331
0,23,8,L,893,0.9269877076148987
0,23,8,L,11769,0.9242059588432312
0,23,8,L,16052,0.9239492416381836
0,23,8,L,14523,0.9117813110351562
0,23,8,L,12994,0.8970993757247925
0,23,8,L,2880,0.8968624472618103
0,23,8,L,10944,0.8826694488525391
0,23,8,L,6268,0.8581331968307495
0,23,8,L,11740,0.8567917346954346
0,23,8,L,13549,0.8430660963058472
0,23,8,L,2166,0.8414220809936523
0,23,8,L,235,0.8376011252403259
0,23,8,L,14986,0.8363122940063477
0,23,8,L,13677,0.8353657126426697
0,23,8,L,14411,0.833116888999939
0,23,8,L,15509,0.8315166234970093
0,23,8,L,5497,0.827011227607727
0,23,8,L,15172,0.8249862790107727
0,23,9,T,9211,9.37964153289795
0,23,9,T,8836,9.1778564453125
0,23,9,T,386,8.117355346679688
0,23,9,T,13844,7.278130054473877
0,23,9,T,5562,6.45291805267334
0,23,9,T,6760,6.442790985107422
0,23,9,T,15182,5.962341785430908
0,23,9,T,3143,5.314103603363037
0,23,9,T,12880,5.020628452301025
0,23,9,T,15509,4.670748233795166
0,23,9,T,1251,3.5643956661224365
0,23,9,T,2512,3.305304765701294
0,23,9,T,13736,3.217118501663208
0,23,9,T,13630,3.106590986251831
0,23,9,T,12676,2.9459331035614014
0,23,9,T,2381,2.824251413345337
0,23,9,T,2640,2.271681547164917
0,23,9,T,13169,2.07993483543396
0,23,9,T,13895,1.7731865644454956
0,23,9,T,15075,1.7632064819335938
0,23,9,T,8791,1.713760256767273
0,23,9,T,13377,1.5882904529571533
0,23,9,T,9993,1.5269134044647217
0,23,9,T,5713,1.4681342840194702
0,23,9,T,9835,1.4213953018188477
0,23,9,T,14290,1.4049931764602661
0,23,9,T,4077,1.3913928270339966
0,23,9,T,15594,1.3432414531707764
0,23,9,T,12177,1.287742257118225
0,23,9,T,5172,1.2609703540802002
0,23,9,T,9772,1.2311831712722778
0,23,9,T,5464,1.1694477796554565
0,23,9,T,8217,1.150428056716919
0,23,9,T,15939,1.1444339752197266
0,23,9,T,9719,1.1378692388534546
0,23,9,T,9859,1.1187961101531982
0,23,9,T,5497,1.0564112663269043
0,23,9,T,10944,1.050629734992981
0,23,9,T,11985,1.012269377708435
0,23,9,T,15172,0.9674013257026672
0,23,9,T,5144,0.9333644509315491
0,23,9,T,6906,0.9213259816169739
0,23,9,T,235,0.914489209651947
0,23,9,T,9947,0.9144630432128906
0,23,9,T,5036,0.9012821316719055
0,23,9,T,2031,0.8843829035758972
0,23,9,T,8379,0.884052038192749
0,23,9,T,16144,0.8756944537162781
0,23,9,T,6316,0.8752248287200928
0,23,9,T,14523,0.8734506964683533
0,23,9,T,6268,0.8731718063354492
0,23,9,T,13746,0.8725285530090332
0,23,9,T,10643,0.8701736927032471
0,23,9,T,14411,0.8619921803474426
0,23,9,T,16052,0.8598084449768066
0,23,9,T,3992,0.8448805809020996
0,23,9,T,1263,0.8429109454154968
0,23,9,T,8377,0.8081584572792053
0,23,9,T,6130,0.8061217069625854
0,23,9,T,11769,0.7823466658592224
0,23,9,T,6758,0.780812680721283
0,23,9,T,1201,0.7746398448944092
0,23,9,T,12492,0.7728121280670166
0,23,9,T,6555,0.7689524292945862
0,23,10,G,16125,9.543318748474121
0,23,10,G,13162,8.063087463378906
0,23,10,G,8836,7.800680637359619
0,23,10,G,9211,7.702912330627441
0,23,10,G,386,6.7532429695129395
0,23,10,G,5562,6.294058799743652
0,23,10,G,3844,6.264159679412842
0,23,10,G,13844,6.039824962615967
0,23,10,G,6760,5.766467094421387
0,23,10,G,15182,4.812064170837402
0,23,10,G,3143,4.242945671081543
0,23,10,G,2512,4.18383264541626
0,23,10,G,1251,3.983182907104492
0,23,10,G,12880,3.1602742671966553
0,23,10,G,2586,3.1426148414611816
0,23,10,G,4530,2.464364767074585
0,23,10,G,9507,2.153306007385254
0,23,10,G,15624,2.086029052734375
0,23,10,G,6782,1.9381122589111328
0,23,10,G,2568,1.81596839427948
0,23,10,G,7306,1.7325475215911865
0,23,10,G,13630,1.6975176334381104
0,23,10,G,7817,1.5748481750488281
0,23,10,G,8949,1.5317161083221436
0,23,10,G,12193,1.4244115352630615
0,23,10,G,2880,1.3831729888916016
0,23,10,G,2381,1.3772966861724854
0,23,10,G,4077,1.2873433828353882
0,23,10,G,12676,1.2747946977615356
0,23,10,G,8217,1.1827027797698975
0,23,10,G,9993,1.1646980047225952
0,23,10,G,14190,1.1608150005340576
0,23,10,G,6906,1.1513136625289917
0,23,10,G,15576,1.1455190181732178
0,23,10,G,13169,1.1363846063613892
0,23,10,G,15594,1.133086085319519
0,23,10,G,15939,1.1214120388031006
0,23,10,G,3764,1.096625566482544
0,23,10,G,11740,1.0506287813186646
0,23,10,G,6316,1.0211687088012695
0,23,10,G,12310,1.0046930313110352
0,23,10,G,5529,0.9700418710708618
0,23,10,G,7072,0.9672309756278992
0,23,10,G,1366,0.9265465140342712
0,23,10,G,6632,0.9165777564048767
0,23,10,G,12560,0.9028151035308838
0,23,10,G,660,0.893984854221344
0,23,10,G,5464,0.8925050497055054
0,23,10,G,6016,0.8904686570167542
0,23,10,G,5831,0.8734550476074219
0,23,10,G,7582,0.8559643030166626
0,23,10,G,169,0.8383113145828247
0,23,10,G,5200,0.826422393321991
0,23,10,G,8725,0.8093326687812805
0,23,10,G,11956,0.8036139607429504
0,23,10,G,15528,0.796956479549408
0,23,10,G,12820,0.7929059267044067
0,23,10,G,11903,0.7835096120834351
0,23,10,G,5036,0.7827790975570679
0,23,10,G,15350,0.7824965119361877
0,23,10,G,2887,0.77842777967453
0,23,10,G,7496,0.776464581489563
0,23,10,G,11769,0.7730492353439331
0,23,10,G,6650,0.771122395992279
0,23,11,K,8836,10.000334739685059
0,23,11,K,9211,9.26994800567627
0,23,11,K,5562,7.904214859008789
0,23,11,K,386,6.233364582061768
0,23,11,K,3143,6.222698211669922
0,23,11,K,13844,5.8243818283081055
0,23,11,K,12880,5.701205730438232
0,23,11,K,15182,5.459208011627197
0,23,11,K,6760,5.235805034637451
0,23,11,K,2512,5.041952133178711
0,23,11,K,1251,4.399637699127197
0,23,11,K,340,3.500368356704712
0,23,11,K,8791,3.368206262588501
0,23,11,K,9793,3.2638864517211914
0,23,11,K,2381,1.8905696868896484
0,23,11,K,13297,1.7933870553970337
0,23,11,K,4687,1.6776973009109497
0,23,11,K,5460,1.6663939952850342
0,23,11,K,2031,1.663360595703125
0,23,11,K,13169,1.616198182106018
0,23,11,K,9463,1.5780068635940552
0,23,11,K,11956,1.5763720273971558
0,23,11,K,13630,1.5403107404708862
0,23,11,K,4566,1.5354835987091064
0,23,11,K,16375,1.499686598777771
0,23,11,K,4077,1.4759719371795654
0,23,11,K,5713,1.4426466226577759
0,23,11,K,5464,1.4000561237335205
0,23,11,K,15594,1.3684861660003662
0,23,11,K,240,1.3190972805023193
0,23,11,K,6377,1.2865757942199707
0,23,11,K,14588,1.265630841255188
0,23,11,K,6782,1.2570966482162476
0,23,11,K,9993,1.215901255607605
0,23,11,K,6130,1.212731957435608
0,23,11,K,8949,1.2012897729873657
0,23,11,K,12177,1.18136727809906
0,23,11,K,13746,1.144204020500183
0,23,11,K,9947,1.1376543045043945
0,23,11,K,6268,1.136090874671936
0,23,11,K,8217,1.1295052766799927
0,23,11,K,15939,1.1283446550369263
0,23,11,K,6906,1.123814582824707
0,23,11,K,11985,1.0766661167144775
0,23,11,K,12560,1.0535379648208618
0,23,11,K,13895,1.047452688217163
0,23,11,K,3764,1.0459380149841309
0,23,11,K,2880,1.0404130220413208
0,23,11,K,6316,1.0316990613937378
0,23,11,K,2166,1.020612359046936
0,23,11,K,13406,1.015620231628418
0,23,11,K,6775,0.9977291226387024
0,23,11,K,3306,0.988311231136322
0,23,11,K,3844,0.8749403357505798
0,23,11,K,2640,0.870540201663971
0,23,11,K,15528,0.8527424931526184
0,23,11,K,14411,0.8476559519767761
0,23,11,K,5153,0.8334879875183105
0,23,11,K,12310,0.8206449151039124
0,23,11,K,12948,0.8098409175872803
0,23,11,K,13268,0.7964859008789062
0,23,11,K,4043,0.7877300381660461
0,23,11,K,7071,0.7863185405731201
0,23,11,K,1201,0.7795372009277344
0,23,12,T,8836,8.905599594116211
0,23,12,T,5562,7.545598030090332
0,23,12,T,9211,7.5044403076171875
0,23,12,T,13844,6.664092540740967
0,23,12,T,15182,6.329738616943359
0,23,12,T,3143,6.087156295776367
0,23,12,T,1633,5.953760147094727
0,23,12,T,386,5.413160800933838
0,23,12,T,12880,4.884350299835205
0,23,12,T,6760,4.775923252105713
0,23,12,T,2512,4.262277603149414
0,23,12,T,13736,4.105607032775879
0,23,12,T,2318,4.067310810089111
0,23,12,T,12836,4.045183181762695
0,23,12,T,1251,3.763885021209717
0,23,12,T,16375,2.70448637008667
0,23,12,T,9793,2.5119130611419678
0,23,12,T,8791,2.044266700744629
0,23,12,T,4687,1.9255964756011963
0,23,12,T,11956,1.6218267679214478
0,23,12,T,6377,1.4144649505615234
0,23,12,T,15508,1.4008187055587769
0,23,12,T,653,1.3913230895996094
0,23,12,T,5460,1.37578547000885
0,23,12,T,13630,1.3737510442733765
0,23,12,T,5464,1.363071322441101
0,23,12,T,14912,1.3575282096862793
0,23,12,T,5713,1.3467744588851929
0,23,12,T,15921,1.3138253688812256
0,23,12,T,12560,1.2757285833358765
0,23,12,T,6316,1.219872236251831
0,23,12,T,12310,1.2007739543914795
0,23,12,T,9993,1.1565232276916504
0,23,12,T,928,1.1520109176635742
0,23,12,T,13857,1.149452805519104
0,23,12,T,2031,1.1432968378067017
0,23,12,T,13268,1.1184263229370117
0,23,12,T,15939,1.1130603551864624
0,23,12,T,10033,1.082934856414795
0,23,12,T,13169,1.0502798557281494
0,23,12,T,15081,1.0466328859329224
0,23,12,T,3764,1.0190582275390625
0,23,12,T,14588,1.0188651084899902
0,23,12,T,6775,1.014651894569397
0,23,12,T,11713,1.0020948648452759
0,23,12,T,9408,0.9928838610649109
0,23,12,T,2381,0.9744909405708313
0,23,12,T,1402,0.9742103219032288
0,23,12,T,6906,0.9737067818641663
0,23,12,T,7071,0.9554650187492371
0,23,12,T,15465,0.9411036372184753
0,23,12,T,2880,0.9325869679450989
0,23,12,T,13297,0.9248073101043701
0,23,12,T,15532,0.9225044250488281
0,23,12,T,14290,0.9197120070457458
0,23,12,T,4132,0.9161147475242615
0,23,12,T,12492,0.9050827622413635
0,23,12,T,14411,0.8822037577629089
0,23,12,T,15594,0.86776202917099
0,23,12,T,11985,0.8634903430938721
0,23,12,T,11684,0.8574422001838684
0,23,12,T,12326,0.8261199593544006
0,23,12,T,12678,0.8232975602149963
0,23,12,T,7581,0.8121154308319092
0,23,13,I,8836,9.249591827392578
0,23,13,I,9211,8.660969734191895
0,23,13,I,5562,8.417866706848145
0,23,13,I,15182,6.9816436767578125
0,23,13,I,6760,6.920125961303711
0,23,13,I,13844,6.5645904541015625
0,23,13,I,3143,6.066102981567383
0,23,13,I,386,5.897336959838867
0,23,13,I,12880,5.473636150360107
0,23,13,I,2512,5.149228096008301
0,23,13,I,2945,3.779165267944336
0,23,13,I,11956,3.709879159927368
0,23,13,I,9793,3.480726480484009
0,23,13,I,1251,2.975634813308716
0,23,13,I,13630,2.339071035385132
0,23,13,I,4687,2.1584486961364746
0,23,13,I,15738,2.0370700359344482
0,23,13,I,5460,1.7278069257736206
0,23,13,I,15594,1.5318485498428345
0,23,13,I,11985,1.4941343069076538
0,23,13,I,9993,1.4774550199508667
0,23,13,I,1087,1.4470584392547607
0,23,13,I,2381,1.2960243225097656
0,23,13,I,4132,1.2475314140319824
0,23,13,I,6316,1.2429581880569458
0,23,13,I,13297,1.1046679019927979
0,23,13,I,6377,1.0717464685440063
0,23,13,I,3764,1.06197988986969
0,23,13,I,11353,1.0485444068908691
0,23,13,I,12560,1.030696988105774
0,23,13,I,13746,1.0269414186477661
0,23,13,I,6099,1.0262322425842285
0,23,13,I,8217,1.0171730518341064
0,23,13,I,6906,1.016408085823059
0,23,13,I,1263,1.004420280456543
0,23,13,I,5713,0.9229955673217773
0,23,13,I,12650,0.919683039188385
0,23,13,I,16144,0.91603022813797
0,23,13,I,5570,0.9123370051383972
0,23,13,I,13639,0.9088973999023438
0,23,13,I,13169,0.9061731100082397
0,23,13,I,7567,0.8944486975669861
0,23,13,I,14240,0.8781132698059082
0,23,13,I,7242,0.8745158910751343
0,23,13,I,15360,0.857151985168457
0,23,13,I,1003,0.84405517578125
0,23,13,I,2031,0.8414316177368164
0,23,13,I,10169,0.836894690990448
0,23,13,I,5464,0.8331825733184814
0,23,13,I,169,0.8287196159362793
0,23,13,I,4043,0.8255347013473511
0,23,13,I,8817,0.8208584189414978
0,23,13,I,6281,0.8202905654907227
0,23,13,I,3433,0.8034856915473938
0,23,13,I,14588,0.7970632910728455
0,23,13,I,12618,0.787905216217041
0,23,13,I,11971,0.7831112146377563
0,23,13,I,12836,0.7792850732803345
0,23,13,I,3852,0.7721592783927917
0,23,13,I,12944,0.7674771547317505
0,23,13,I,235,0.7612114548683167
0,23,13,I,6851,0.7569603323936462
0,23,13,I,1693,0.7359973788261414
0,23,13,I,9434,0.7214655876159668
0,23,14,T,8836,9.184225082397461
0,23,14,T,9211,8.498658180236816
0,23,14,T,5562,7.680905818939209
0,23,14,T,8468,6.521809101104736
0,23,14,T,13844,6.370370864868164
0,23,14,T,12836,5.810966968536377
0,23,14,T,15182,5.7802910804748535
0,23,14,T,3143,5.3551554679870605
0,23,14,T,386,5.139005661010742
0,23,14,T,6760,4.894319534301758
0,23,14,T,12880,4.436789035797119
0,23,14,T,11956,3.75307035446167
0,23,14,T,13736,3.7218711376190186
0,23,14,T,1251,3.6924257278442383
0,23,14,T,2512,3.4209015369415283
0,23,14,T,13630,2.488739252090454
0,23,14,T,6851,2.4088926315307617
0,23,14,T,4687,2.1190435886383057
0,23,14,T,5460,2.1024537086486816
0,23,14,T,15508,2.0604894161224365
0,23,14,T,3683,1.5877320766448975
0,23,14,T,15738,1.503751516342163
0,23,14,T,9793,1.4315179586410522
0,23,14,T,15939,1.4262011051177979
0,23,14,T,13895,1.3714512586593628
0,23,14,T,9993,1.3101084232330322
0,23,14,T,4831,1.2581008672714233
0,23,14,T,15594,1.2103461027145386
0,23,14,T,169,1.1994473934173584
0,23,14,T,12560,1.1710551977157593
0,23,14,T,6316,1.0972789525985718
0,23,14,T,12676,1.0929758548736572
0,23,14,T,11154,1.0786867141723633
0,23,14,T,16375,1.075649380683899
0,23,14,T,11985,1.0274465084075928
0,23,14,T,3983,1.0076419115066528
0,23,14,T,5570,0.9876782894134521
0,23,14,T,3844,0.9687421917915344
0,23,14,T,7809,0.9499892592430115
0,23,14,T,4132,0.9458368420600891
0,23,14,T,6099,0.9415798187255859
0,23,14,T,5545,0.9132629036903381
0,23,14,T,534,0.9053342938423157
0,23,14,T,8217,0.9052347540855408
0,23,14,T,134,0.903547465801239
0,23,14,T,10504,0.8871704936027527
0,23,14,T,12618,0.8684760928153992
0,23,14,T,14418,0.864923894405365
0,23,14,T,12994,0.8490766286849976
0,23,14,T,2916,0.8316931128501892
0,23,14,T,5464,0.8183169364929199
0,23,14,T,8964,0.8172408938407898
0,23,14,T,8146,0.8047872185707092
0,23,14,T,1402,0.7746295928955078
0,23,14,T,2019,0.7726902365684509
0,23,14,T,3273,0.7555744051933289
0,23,14,T,3947,0.7429567575454712
0,23,14,T,14523,0.742901086807251
0,23,14,T,9313,0.7270271182060242
0,23,14,T,1263,0.7241009473800659
0,23,14,T,14013,0.7238708734512329
0,23,14,T,12650,0.7118216156959534
0,23,14,T,7071,0.7095576524734497
0,23,14,T,5893,0.7085263729095459
0,23,15,L,5562,8.386516571044922
0,23,15,L,9211,7.80884313583374
0,23,15,L,8836,7.629645824432373
0,23,15,L,6760,6.78171443939209
0,23,15,L,11956,5.903371334075928
0,23,15,L,13844,5.353138446807861
0,23,15,L,15738,5.213183403015137
0,23,15,L,386,5.195493698120117
0,23,15,L,15182,5.139852046966553
0,23,15,L,12880,4.733606338500977
0,23,15,L,3143,4.522042751312256
0,23,15,L,2512,4.482463836669922
0,23,15,L,6524,3.511012554168701
0,23,15,L,13630,2.704556465148926
0,23,15,L,4687,2.6899070739746094
0,23,15,L,583,2.680915594100952
0,23,15,L,1251,2.359694242477417
0,23,15,L,7483,2.003858804702759
0,23,15,L,2678,1.9978514909744263
0,23,15,L,6099,1.9554332494735718
0,23,15,L,3983,1.783411979675293
0,23,15,L,9993,1.746519684791565
0,23,15,L,12676,1.6310184001922607
0,23,15,L,13895,1.5169787406921387
0,23,15,L,10325,1.4900171756744385
0,23,15,L,8817,1.4538649320602417
0,23,15,L,13870,1.4104249477386475
0,23,15,L,7242,1.4101921319961548
0,23,15,L,11661,1.3343433141708374
0,23,15,L,12574,1.2637853622436523
0,23,15,L,9811,1.233006238937378
0,23,15,L,10504,1.2282217741012573
0,23,15,L,5570,1.214171051979065
0,23,15,L,928,1.199831247329712
0,23,15,L,9793,1.184590458869934
0,23,15,L,8468,1.1772383451461792
0,23,15,L,7567,1.1404598951339722
0,23,15,L,660,1.1384987831115723
0,23,15,L,4658,1.0953768491744995
0,23,15,L,12619,1.0900970697402954
0,23,15,L,11985,1.0868076086044312
0,23,15,L,4132,1.0575027465820312
0,23,15,L,6316,1.055633783340454
0,23,15,L,2814,1.0500270128250122
0,23,15,L,15512,1.0128183364868164
0,23,15,L,10064,0.9939218759536743
0,23,15,L,1263,0.990192711353302
0,23,15,L,6377,0.9866857528686523
0,23,15,L,11810,0.972924530506134
0,23,15,L,12277,0.9722334742546082
0,23,15,L,13639,0.9651744961738586
0,23,15,L,13623,0.9604201316833496
0,23,15,L,15104,0.9522275328636169
0,23,15,L,98,0.936640739440918
0,23,15,L,2923,0.9296209216117859
0,23,15,L,5893,0.9133996367454529
0,23,15,L,5779,0.910208523273468
0,23,15,L,13105,0.9072179198265076
0,23,15,L,534,0.8927542567253113
0,23,15,L,1272,0.8761423826217651
0,23,15,L,7328,0.8715078830718994
0,23,15,L,2920,0.8703652620315552
0,23,15,L,15594,0.8688138723373413
0,23,15,L,7018,0.8393682837486267
0,23,16,E,8836,10.554200172424316
0,23,16,E,9211,9.176203727722168
0,23,16,E,5562,6.647430419921875
0,23,16,E,6760,6.568905830383301
0,23,16,E,13844,6.140771865844727
0,23,16,E,12880,5.821661472320557
0,23,16,E,2512,5.820383071899414
0,23,16,E,15182,5.785588264465332
0,23,16,E,386,5.71022367477417
0,23,16,E,1251,5.0988945960998535
0,23,16,E,14837,4.882149696350098
0,23,16,E,5675,3.8578341007232666
0,23,16,E,11956,3.806809425354004
0,23,16,E,3143,3.6510143280029297
0,23,16,E,13630,2.8735976219177246
0,23,16,E,4831,2.832559108734131
0,23,16,E,4687,2.504390239715576
0,23,16,E,8103,2.4611494541168213
0,23,16,E,13895,2.3615200519561768
0,23,16,E,14894,2.2815377712249756
0,23,16,E,9993,2.1131160259246826
0,23,16,E,15738,2.0139522552490234
0,23,16,E,14254,1.9296892881393433
0,23,16,E,534,1.8877832889556885
0,23,16,E,12676,1.792849063873291
0,23,16,E,12836,1.6235160827636719
0,23,16,E,13677,1.4108235836029053
0,23,16,E,13731,1.3490573167800903
0,23,16,E,10504,1.3483428955078125
0,23,16,E,2654,1.347204566001892
0,23,16,E,10325,1.2700084447860718
0,23,16,E,15594,1.2397406101226807
0,23,16,E,15077,1.1971319913864136
0,23,16,E,5893,1.1847686767578125
0,23,16,E,6099,1.1428219079971313
0,23,16,E,4754,1.049595594406128
0,23,16,E,2381,1.0398763418197632
0,23,16,E,3433,1.039716362953186
0,23,16,E,8817,1.038831114768982
0,23,16,E,5570,0.9366929531097412
0,23,16,E,6316,0.9005533456802368
0,23,16,E,15939,0.8724632859230042
0,23,16,E,718,0.8565700650215149
0,23,16,E,14013,0.8548545241355896
0,23,16,E,6012,0.8447366952896118
0,23,16,E,200,0.8314628601074219
0,23,16,E,11893,0.8305521011352539
0,23,16,E,5249,0.8266847729682922
0,23,16,E,11769,0.8049702644348145
0,23,16,E,13036,0.7919563055038452
0,23,16,E,4883,0.7897799015045166
0,23,16,E,539,0.7792280912399292
0,23,16,E,10320,0.7722651362419128
0,23,16,E,2933,0.7670950889587402
0,23,16,E,1598,0.7592198252677917
0,23,16,E,1756,0.759200394153595
0,23,16,E,13307,0.7550956010818481
0,23,16,E,8862,0.7350847721099854
0,23,16,E,14114,0.7345834970474243
0,23,16,E,2150,0.7340890765190125
0,23,16,E,15274,0.7184047698974609
0,23,16,E,1114,0.711402416229248
0,23,16,E,8067,0.7095693349838257
0,23,16,E,3983,0.706903874874115
0,23,17,V,5562,7.8059163093566895
0,23,17,V,9211,7.199782371520996
0,23,17,V,8836,6.976785182952881
0,23,17,V,6760,6.6325788497924805
0,23,17,V,7593,6.263505458831787
0,23,17,V,386,6.132040500640869
0,23,17,V,13844,5.930437088012695
0,23,17,V,2512,4.473891258239746
0,23,17,V,13298,4.361084461212158
0,23,17,V,15182,4.127965450286865
0,23,17,V,8103,4.122961044311523
0,23,17,V,718,4.086805820465088
0,23,17,V,12880,4.005799293518066
0,23,17,V,11956,3.420102596282959
0,23,17,V,15738,3.4170186519622803
0,23,17,V,3143,2.9167802333831787
0,23,17,V,200,2.5087618827819824
0,23,17,V,1251,2.4504737854003906
0,23,17,V,1598,2.443110466003418
0,23,17,V,9993,2.415358066558838
0,23,17,V,656,2.3009934425354004
0,23,17,V,4687,2.232361316680908
0,23,17,V,10325,2.1994800567626953
0,23,17,V,12676,2.1580605506896973
0,23,17,V,660,2.0242393016815186
0,23,17,V,4827,1.959520936012268
0,23,17,V,13630,1.8281346559524536
0,23,17,V,15077,1.7944375276565552
0,23,17,V,13895,1.7865287065505981
0,23,17,V,11579,1.382006049156189
0,23,17,V,9875,1.3803882598876953
0,23,17,V,16101,1.3220727443695068
0,23,17,V,10222,1.2698266506195068
0,23,17,V,13676,1.2011103630065918
0,23,17,V,2669,1.1857833862304688
0,23,17,V,10504,1.1764577627182007
0,23,17,V,534,1.1137416362762451
0,23,17,V,169,1.095646619796753
0,23,17,V,12560,1.0949407815933228
0,23,17,V,15972,1.0742974281311035
0,23,17,V,5272,1.029459834098816
0,23,17,V,11289,0.9517989754676819
0,23,17,V,6230,0.9303781986236572
0,23,17,V,8678,0.8888084292411804
0,23,17,V,4783,0.8807056546211243
0,23,17,V,14723,0.8687499165534973
0,23,17,V,2150,0.8542898893356323
0,23,17,V,9673,0.8429462909698486
0,23,17,V,3004,0.8271167278289795
0,23,17,V,8817,0.8201514482498169
0,23,17,V,9704,0.819579005241394
0,23,17,V,4394,0.8173741102218628
0,23,17,V,7483,0.81442791223526
0,23,17,V,8310,0.8097986578941345
0,23,17,V,12618,0.8066293001174927
0,23,17,V,5172,0.8054229021072388
0,23,17,V,6241,0.8001875877380371
0,23,17,V,6737,0.7848083972930908
0,23,17,V,11663,0.7448593974113464
0,23,17,V,15512,0.7413279414176941
0,23,17,V,4021,0.7399091720581055
0,23,17,V,9992,0.7390049695968628
0,23,17,V,9934,0.7390040159225464
0,23,17,V,508,0.7331790328025818
0,23,18,E,8836,10.18724250793457
0,23,18,E,9211,9.030757904052734
0,23,18,E,13844,7.950351238250732
0,23,18,E,386,6.924657344818115
0,23,18,E,6760,6.880725383758545
0,23,18,E,5562,6.301924228668213
0,23,18,E,15182,5.353056907653809
0,23,18,E,12880,5.154175758361816
0,23,18,E,1251,4.570703506469727
0,23,18,E,2512,4.507204055786133
0,23,18,E,8103,4.3855366706848145
0,23,18,E,5675,4.033438682556152
0,23,18,E,4687,3.546717882156372
0,23,18,E,2654,3.2742910385131836
0,23,18,E,3143,3.169823408126831
0,23,18,E,15077,2.7998690605163574
0,23,18,E,11956,2.6999590396881104
0,23,18,E,12676,2.2716450691223145
0,23,18,E,2089,2.2631664276123047
0,23,18,E,10325,2.157604694366455
0,23,18,E,13630,2.0701067447662354
0,23,18,E,9323,2.038461208343506
0,23,18,E,5038,1.8901565074920654
0,23,18,E,14254,1.8237884044647217
0,23,18,E,9993,1.811363935470581
0,23,18,E,9992,1.5578243732452393
0,23,18,E,14240,1.4675230979919434
0,23,18,E,13895,1.393043875694275
0,23,18,E,13731,1.2328555583953857
0,23,18,E,9787,1.210963249206543
0,23,18,E,4578,1.1321101188659668
0,23,18,E,3097,1.0966602563858032
0,23,18,E,8817,1.083966851234436
0,23,18,E,12457,1.073693871498108
0,23,18,E,6281,1.010589838027954
0,23,18,E,12560,0.9949418902397156
0,23,18,E,9719,0.952370285987854
0,23,18,E,10628,0.9416825175285339
0,23,18,E,2069,0.9227946400642395
0,23,18,E,15594,0.9126536250114441
0,23,18,E,8114,0.8799217939376831
0,23,18,E,6864,0.8777511119842529
0,23,18,E,635,0.8736352324485779
0,23,18,E,7018,0.8666071891784668
0,23,18,E,2300,0.8610401153564453
0,23,18,E,13268,0.82267826795578
0,23,18,E,14114,0.8060215711593628
0,23,18,E,4754,0.7536051273345947
0,23,18,E,11289,0.7497780323028564
0,23,18,E,12326,0.7488569021224976
0,23,18,E,11562,0.7399463653564453
0,23,18,E,200,0.725372850894928
0,23,18,E,3160,0.7071759104728699
0,23,18,E,4030,0.6758261919021606
0,23,18,E,11937,0.6728799343109131
0,23,18,E,8227,0.6668769121170044
0,23,18,E,235,0.6646974086761475
0,23,18,E,9704,0.6640018820762634
0,23,18,E,7809,0.6611400246620178
0,23,18,E,16282,0.6541513204574585
0,23,18,E,7846,0.650949239730835
0,23,18,E,14552,0.6429694294929504
0,23,18,E,5172,0.6383346319198608
0,23,18,E,11669,0.633269727230072
0,23,19,P,8836,10.23447322845459
0,23,19,P,9211,8.7995023727417
0,23,19,P,6760,7.235781669616699
0,23,19,P,5562,7.0213942527771
0,23,19,P,13844,6.643249034881592
0,23,19,P,386,6.492396831512451
0,23,19,P,12880,5.44307804107666
0,23,19,P,15182,4.895520210266113
0,23,19,P,2512,4.827181816101074
0,23,19,P,96,4.744998931884766
0,23,19,P,8103,4.734740734100342
0,23,19,P,1251,3.8971505165100098
0,23,19,P,4337,3.4697728157043457
0,23,19,P,656,3.1303462982177734
0,23,19,P,4687,2.959805727005005
0,23,19,P,3143,2.5314865112304688
0,23,19,P,12859,2.3944389820098877
0,23,19,P,3097,2.382082939147949
0,23,19,P,2654,2.380225896835327
0,23,19,P,14955,2.1287410259246826
0,23,19,P,9719,2.1138670444488525
0,23,19,P,9993,1.7855515480041504
0,23,19,P,9992,1.7353595495224
0,23,19,P,14287,1.596014380455017
0,23,19,P,13630,1.5516831874847412
0,23,19,P,15077,1.5443313121795654
0,23,19,P,10628,1.4823877811431885
0,23,19,P,11956,1.4228870868682861
0,23,19,P,2640,1.3232123851776123
0,23,19,P,10325,1.2408928871154785
0,23,19,P,14152,1.1557739973068237
0,23,19,P,7809,1.1343731880187988
0,23,19,P,8817,1.0782793760299683
0,23,19,P,13895,1.0756715536117554
0,23,19,P,5038,1.069493293762207
0,23,19,P,13746,1.063320517539978
0,23,19,P,11574,1.0609232187271118
0,23,19,P,9304,1.0463013648986816
0,23,19,P,11562,1.0460727214813232
0,23,19,P,3989,0.9879907369613647
0,23,19,P,12326,0.9412806630134583
0,23,19,P,4943,0.9315141439437866
0,23,19,P,5893,0.9308618307113647
0,23,19,P,12907,0.9275718927383423
0,23,19,P,5002,0.8891671299934387
0,23,19,P,15432,0.874113142490387
0,23,19,P,2946,0.852870762348175
0,23,19,P,8434,0.849544107913971
0,23,19,P,7018,0.8309953212738037
0,23,19,P,10018,0.8290924429893494
0,23,19,P,7626,0.821220874786377
0,23,19,P,13902,0.8166662454605103
0,23,19,P,6555,0.8141772747039795
0,23,19,P,7551,0.8047391772270203
0,23,19,P,6535,0.7994322180747986
0,23,19,P,5680,0.7961387038230896
0,23,19,P,635,0.7912642359733582
0,23,19,P,14753,0.7891384959220886
0,23,19,P,7081,0.7842351198196411
0,23,19,P,9254,0.7745615243911743
0,23,19,P,10235,0.7706977725028992
0,23,19,P,4383,0.7540316581726074
0,23,19,P,3273,0.7468018531799316
0,23,19,P,2669,0.7442048192024231
0,23,20,S,8836,9.961821556091309
0,23,20,S,9211,8.183570861816406
0,23,20,S,13844,7.7312846183776855
0,23,20,S,6760,7.1513991355896
0,23,20,S,386,6.9828057289123535
0,23,20,S,12880,5.962429523468018
0,23,20,S,5562,5.939394474029541
0,23,20,S,15182,5.477709770202637
0,23,20,S,8103,5.463636875152588
0,23,20,S,2512,5.176031112670898
0,23,20,S,4687,3.2447903156280518
0,23,20,S,1251,3.127251625061035
0,23,20,S,5959,3.0673766136169434
0,23,20,S,11520,2.3235385417938232
0,23,20,S,14011,2.3182249069213867
0,23,20,S,1533,2.3079943656921387
0,23,20,S,6535,2.2810258865356445
0,23,20,S,3143,1.9893841743469238
0,23,20,S,9719,1.7436740398406982
0,23,20,S,3844,1.6589115858078003
0,23,20,S,2654,1.5947834253311157
0,23,20,S,10924,1.5088562965393066
0,23,20,S,13630,1.4826912879943848
0,23,20,S,13243,1.465819001197815
0,23,20,S,3097,1.4621467590332031
0,23,20,S,5851,1.3873257637023926
0,23,20,S,9993,1.3723162412643433
0,23,20,S,3463,1.2805880308151245
0,23,20,S,11956,1.2499583959579468
0,23,20,S,13531,1.1809077262878418
0,23,20,S,14955,1.1760447025299072
0,23,20,S,8817,1.122319221496582
0,23,20,S,4276,1.0905088186264038
0,23,20,S,15594,1.0458914041519165
0,23,20,S,10800,1.0276914834976196
0,23,20,S,14240,1.0264544486999512
0,23,20,S,12859,1.0191036462783813
0,23,20,S,2069,0.9882774949073792
0,23,20,S,3273,0.9722760319709778
0,23,20,S,4609,0.9676235318183899
0,23,20,S,9304,0.9306637644767761
0,23,20,S,3697,0.9125798940658569
0,23,20,S,1692,0.9068130850791931
0,23,20,S,10455,0.9036627411842346
0,23,20,S,10325,0.8986921906471252
0,23,20,S,5893,0.8986709713935852
0,23,20,S,11740,0.870846688747406
0,23,20,S,4943,0.8651237487792969
0,23,20,S,13965,0.8630703687667847
0,23,20,S,7346,0.8603262305259705
0,23,20,S,6431,0.840286374092102
0,23,20,S,3777,0.8323754072189331
0,23,20,S,11769,0.8315311670303345
0,23,20,S,7626,0.8300150632858276
0,23,20,S,12326,0.828162431716919
0,23,20,S,13423,0.817200779914856
0,23,20,S,9688,0.8071947693824768
0,23,20,S,16375,0.7945904731750488
0,23,20,S,6314,0.7899144887924194
0,23,20,S,2186,0.7887527942657471
0,23,20,S,4815,0.7828460335731506
0,23,20,S,10114,0.7795225977897644
0,23,20,S,15571,0.7750809788703918
0,23,20,S,6241,0.7721920609474182
0,23,21,D,8836,8.062329292297363
0,23,21,D,9211,7.952193737030029
0,23,21,D,13844,7.288980960845947
0,23,21,D,5562,6.936371326446533
0,23,21,D,12880,6.010641574859619
0,23,21,D,6760,5.888180255889893
0,23,21,D,386,5.805530548095703
0,23,21,D,12656,4.79019021987915
0,23,21,D,15182,4.694855690002441
0,23,21,D,6431,4.490703582763672
0,23,21,D,2512,4.384383678436279
0,23,21,D,1204,4.361191272735596
0,23,21,D,4687,4.125574111938477
0,23,21,D,8103,3.8906614780426025
0,23,21,D,6768,3.7481870651245117
0,23,21,D,1251,3.504615545272827
0,23,21,D,13531,3.2545299530029297
0,23,21,D,12676,2.8280117511749268
0,23,21,D,4335,2.797131061553955
0,23,21,D,9503,2.1427242755889893
0,23,21,D,9993,2.0090081691741943
0,23,21,D,10455,1.769110083580017
0,23,21,D,11211,1.6572375297546387
0,23,21,D,7817,1.596935510635376
0,23,21,D,1110,1.5602456331253052
0,23,21,D,3614,1.4401817321777344
0,23,21,D,5155,1.4377914667129517
0,23,21,D,13541,1.3692364692687988
0,23,21,D,13863,1.3024077415466309
0,23,21,D,11964,1.2893953323364258
0,23,21,D,7306,1.2854630947113037
0,23,21,D,2640,1.2527436017990112
0,23,21,D,3803,1.2452844381332397
0,23,21,D,3143,1.188262701034546
0,23,21,D,13387,1.172993779182434
0,23,21,D,9719,1.1478650569915771
0,23,21,D,11903,1.145972728729248
0,23,21,D,2150,1.1225666999816895
0,23,21,D,4975,1.0261839628219604
0,23,21,D,14176,1.0148494243621826
0,23,21,D,9405,1.011796474456787
0,23,21,D,1802,0.9971470236778259
0,23,21,D,1989,0.9949285387992859
0,23,21,D,14722,0.9822556376457214
0,23,21,D,843,0.9755936861038208
0,23,21,D,814,0.9698959589004517
0,23,21,D,510,0.9556745886802673
0,23,21,D,7815,0.9359579086303711
0,23,21,D,8817,0.9247586727142334
0,23,21,D,15594,0.8825212717056274
0,23,21,D,11198,0.8684850335121155
0,23,21,D,3611,0.8551141023635864
0,23,21,D,169,0.8421547412872314
0,23,21,D,6650,0.8394383192062378
0,23,21,D,12849,0.816709041595459
0,23,21,D,2279,0.7957231402397156
0,23,21,D,13123,0.7930377125740051
0,23,21,D,8846,0.7761974334716797
0,23,21,D,6016,0.7725993990898132
0,23,21,D,8681,0.7698363065719604
0,23,21,D,14724,0.7646799087524414
0,23,21,D,8600,0.7619491815567017
0,23,21,D,6745,0.7590617537498474
0,23,21,D,7956,0.7588873505592346
0,23,22,T,8836,8.760530471801758
0,23,22,T,9211,8.498408317565918
0,23,22,T,13844,7.613945007324219
0,23,22,T,5562,7.516429424285889
0,23,22,T,386,6.7276997566223145
0,23,22,T,6760,6.327564716339111
0,23,22,T,2161,5.703052043914795
0,23,22,T,12880,5.3376359939575195
0,23,22,T,2512,5.289490699768066
0,23,22,T,9321,5.06792688369751
0,23,22,T,15182,4.9990234375
0,23,22,T,1251,4.763176918029785
0,23,22,T,13736,4.314479351043701
0,23,22,T,4687,4.257232666015625
0,23,22,T,12682,3.633777141571045
0,23,22,T,14532,3.3824164867401123
0,23,22,T,9651,2.738814115524292
0,23,22,T,8103,1.9460766315460205
0,23,22,T,15508,1.8300126791000366
0,23,22,T,9993,1.8100138902664185
0,23,22,T,1778,1.5670650005340576
0,23,22,T,13531,1.438838243484497
0,23,22,T,13297,1.3837586641311646
0,23,22,T,1201,1.2842237949371338
0,23,22,T,6316,1.2694333791732788
0,23,22,T,13630,1.231125831604004
0,23,22,T,8600,1.2283368110656738
0,23,22,T,1114,1.2144511938095093
0,23,22,T,1140,1.1546084880828857
0,23,22,T,11956,1.1434564590454102
0,23,22,T,11577,1.1059291362762451
0,23,22,T,12317,1.0801783800125122
0,23,22,T,13322,0.9996649026870728
0,23,22,T,5464,0.9939161539077759
0,23,22,T,3143,0.9825913310050964
0,23,22,T,2916,0.9801526665687561
0,23,22,T,10207,0.9768890738487244
0,23,22,T,10896,0.9768840670585632
0,23,22,T,3094,0.9768567085266113
0,23,22,T,15939,0.9431654214859009
0,23,22,T,520,0.9361362457275391
0,23,22,T,10455,0.9024226069450378
0,23,22,T,3483,0.8916341662406921
0,23,22,T,54,0.8873239159584045
0,23,22,T,11353,0.8760685920715332
0,23,22,T,5781,0.8528066277503967
0,23,22,T,14244,0.8215055465698242
0,23,22,T,5893,0.8208057284355164
0,23,22,T,9728,0.8104711174964905
0,23,22,T,9485,0.8060435652732849
0,23,22,T,510,0.7838119864463806
0,23,22,T,11229,0.7828555107116699
0,23,22,T,11985,0.7814658880233765
0,23,22,T,9105,0.7617220878601074
0,23,22,T,15594,0.7548943758010864
0,23,22,T,8077,0.7442046999931335
0,23,22,T,2318,0.7391138076782227
0,23,22,T,13210,0.7123835682868958
0,23,22,T,1649,0.7096104621887207
0,23,22,T,2535,0.7034837603569031
0,23,22,T,9405,0.7003940939903259
0,23,22,T,10826,0.6958555579185486
0,23,22,T,11014,0.691543459892273
0,23,22,T,14876,0.6890268325805664
0,23,23,I,6760,8.196890830993652
0,23,23,I,9211,7.380675792694092
0,23,23,I,5562,7.254868030548096
0,23,23,I,12880,6.971706390380859
0,23,23,I,13844,6.563218116760254
0,23,23,I,386,6.350423812866211
0,23,23,I,2512,5.760125160217285
0,23,23,I,4687,5.388453960418701
0,23,23,I,8836,5.387946605682373
0,23,23,I,15182,5.134609222412109
0,23,23,I,14357,3.918400526046753
0,23,23,I,2945,3.5662765502929688
0,23,23,I,660,3.4208338260650635
0,23,23,I,6012,2.083343744277954
0,23,23,I,5002,1.948512315750122
0,23,23,I,15152,1.8432410955429077
0,23,23,I,1342,1.7735488414764404
0,23,23,I,8103,1.740069031715393
0,23,23,I,8600,1.6890548467636108
0,23,23,I,9993,1.6750001907348633
0,23,23,I,928,1.655351161956787
0,23,23,I,13322,1.570318579673767
0,23,23,I,15172,1.5105977058410645
0,23,23,I,9923,1.4396926164627075
0,23,23,I,2784,1.4172981977462769
0,23,23,I,1251,1.392927646636963
0,23,23,I,2640,1.3792574405670166
0,23,23,I,5893,1.3508282899856567
0,23,23,I,13630,1.3312458992004395
0,23,23,I,13295,1.3266427516937256
0,23,23,I,14011,1.3114287853240967
0,23,23,I,3908,1.2247570753097534
0,23,23,I,8147,1.1888169050216675
0,23,23,I,14240,1.1814581155776978
0,23,23,I,2923,1.1571084260940552
0,23,23,I,4975,1.1310023069381714
0,23,23,I,5464,1.0984655618667603
0,23,23,I,5116,1.0870025157928467
0,23,23,I,8374,1.0813900232315063
0,23,23,I,8055,1.0808179378509521
0,23,23,I,8444,1.0348557233810425
0,23,23,I,2787,0.9933140873908997
0,23,23,I,2190,0.9883713722229004
0,23,23,I,3306,0.9765093326568604
0,23,23,I,11353,0.9568988084793091
0,23,23,I,3945,0.9483514428138733
0,23,23,I,15594,0.9439217448234558
0,23,23,I,7306,0.9407066702842712
0,23,23,I,10836,0.9343897104263306
0,23,23,I,1778,0.9339129328727722
0,23,23,I,7809,0.9277927279472351
0,23,23,I,3143,0.9272130131721497
0,23,23,I,12326,0.9198193550109863
0,23,23,I,11956,0.9072695374488831
0,23,23,I,8191,0.9043510556221008
0,23,23,I,5910,0.9020566940307617
0,23,23,I,10207,0.9000251889228821
0,23,23,I,11760,0.8846622109413147
0,23,23,I,15361,0.8793767690658569
0,23,23,I,5272,0.8722074627876282
0,23,23,I,995,0.8561850190162659
0,23,23,I,11985,0.8560959696769714
0,23,23,I,13746,0.8479999303817749
0,23,23,I,3852,0.8423343300819397
0,23,24,E,9211,9.739047050476074
0,23,24,E,8836,8.690062522888184
0,23,24,E,12880,8.417677879333496
0,23,24,E,13844,6.920639991760254
0,23,24,E,5562,6.495657444000244
0,23,24,E,386,6.354864120483398
0,23,24,E,15182,6.18512487411499
0,23,24,E,6760,5.76652193069458
0,23,24,E,2512,5.631799697875977
0,23,24,E,4687,5.419846057891846
0,23,24,E,15075,3.8667750358581543
0,23,24,E,5675,3.742628335952759
0,23,24,E,1251,3.6810734272003174
0,23,24,E,1759,3.0178279876708984
0,23,24,E,13630,2.397028684616089
0,23,24,E,9993,1.9767221212387085
0,23,24,E,13731,1.7757104635238647
0,23,24,E,5686,1.5966886281967163
0,23,24,E,8103,1.5128259658813477
0,23,24,E,5116,1.4972752332687378
0,23,24,E,2916,1.4799140691757202
0,23,24,E,6012,1.3971656560897827
0,23,24,E,13125,1.3644107580184937
0,23,24,E,15939,1.3420032262802124
0,23,24,E,15594,1.2974778413772583
0,23,24,E,11956,1.2527289390563965
0,23,24,E,173,1.2483680248260498
0,23,24,E,12326,1.2472914457321167
0,23,24,E,470,1.2065894603729248
0,23,24,E,10658,1.153019666671753
0,23,24,E,11353,1.0428465604782104
0,23,24,E,14357,1.0341287851333618
0,23,24,E,1495,0.9669176340103149
0,23,24,E,7487,0.9571288228034973
0,23,24,E,3143,0.9539734125137329
0,23,24,E,14078,0.945574939250946
0,23,24,E,9923,0.9395820498466492
0,23,24,E,11760,0.931794285774231
0,23,24,E,9405,0.9291586875915527
0,23,24,E,2381,0.9184916019439697
0,23,24,E,14376,0.9059441089630127
0,23,24,E,90,0.8840987682342529
0,23,24,E,3683,0.8691417574882507
0,23,24,E,1114,0.8676669001579285
0,23,24,E,6403,0.8481196761131287
0,23,24,E,169,0.8322042226791382
0,23,24,E,7691,0.8179585337638855
0,23,24,E,5133,0.8154788613319397
0,23,24,E,7586,0.8145834803581238
0,23,24,E,6472,0.810547947883606
0,23,24,E,1160,0.8093430995941162
0,23,24,E,653,0.8071133494377136
0,23,24,E,12650,0.8046458959579468
0,23,24,E,14876,0.7837108373641968
0,23,24,E,11985,0.7780989408493042
0,23,24,E,6650,0.7746615409851074
0,23,24,E,4115,0.7730172872543335
0,23,24,E,14026,0.7701728940010071
0,23,24,E,1201,0.7640714645385742
0,23,24,E,15172,0.7617584466934204
0,23,24,E,1272,0.7543628215789795
0,23,24,E,8964,0.7437957525253296
0,23,24,E,15652,0.7409029006958008
0,23,24,E,4476,0.7379213571548462
0,23,25,N,9211,9.815314292907715
0,23,25,N,8836,9.094268798828125
0,23,25,N,13844,7.4839558601379395
0,23,25,N,12880,7.368670463562012
0,23,25,N,5562,7.300469398498535
0,23,25,N,6760,6.5210490226745605
0,23,25,N,4687,5.904634475708008
0,23,25,N,386,5.708080768585205
0,23,25,N,15182,5.212238311767578
0,23,25,N,2512,4.877345085144043
0,23,25,N,1251,4.201406002044678
0,23,25,N,12633,3.7403388023376465
0,23,25,N,15121,3.330185890197754
0,23,25,N,13630,2.891293525695801
0,23,25,N,3157,2.3260841369628906
0,23,25,N,2574,2.3062379360198975
0,23,25,N,12231,1.926178216934204
0,23,25,N,9993,1.854597568511963
0,23,25,N,14638,1.577049732208252
0,23,25,N,10977,1.507094383239746
0,23,25,N,2916,1.506528615951538
0,23,25,N,656,1.363511085510254
0,23,25,N,213,1.22038996219635
0,23,25,N,2144,1.1314173936843872
0,23,25,N,6472,1.1218994855880737
0,23,25,N,686,1.1204545497894287
0,23,25,N,2880,1.1159930229187012
0,23,25,N,16371,1.0955557823181152
0,23,25,N,15939,1.0665210485458374
0,23,25,N,6130,1.0494247674942017
0,23,25,N,3164,1.0295606851577759
0,23,25,N,8703,1.0181866884231567
0,23,25,N,15450,0.9831594228744507
0,23,25,N,3306,0.9742271900177002
0,23,25,N,15594,0.9187226891517639
0,23,25,N,14753,0.9183857440948486
0,23,25,N,169,0.9161590337753296
0,23,25,N,1153,0.9136240482330322
0,23,25,N,14075,0.9072611331939697
0,23,25,N,12326,0.9014847874641418
0,23,25,N,7072,0.8989613652229309
0,23,25,N,13423,0.8969014286994934
0,23,25,N,10658,0.891086757183075
0,23,25,N,5893,0.8870856761932373
0,23,25,N,5221,0.884068489074707
0,23,25,N,6403,0.8735905289649963
0,23,25,N,5059,0.8647089004516602
0,23,25,N,456,0.8627176284790039
0,23,25,N,11760,0.8597708344459534
0,23,25,N,4570,0.8476142883300781
0,23,25,N,11427,0.8442768454551697
0,23,25,N,2353,0.842254102230072
0,23,25,N,2381,0.8388099074363708
0,23,25,N,12970,0.8281340003013611
0,23,25,N,2534,0.8277830481529236
0,23,25,N,4531,0.8247075080871582
0,23,25,N,8984,0.818199872970581
0,23,25,N,16375,0.802852213382721
0,23,25,N,113,0.8003583550453186
0,23,25,N,12650,0.7968546748161316
0,23,25,N,9750,0.7898711562156677
0,23,25,N,10924,0.7849039435386658
0,23,25,N,12277,0.7834478616714478
0,23,25,N,9393,0.7672523856163025
0,23,26,V,1526,7.03533411026001
0,23,26,V,13298,4.778748989105225
0,23,26,V,9211,4.221158504486084
0,23,26,V,386,3.429534912109375
0,23,26,V,13844,3.3533146381378174
0,23,26,V,8836,3.3412578105926514
0,23,26,V,8317,3.3314783573150635
0,23,26,V,5562,2.7544186115264893
0,23,26,V,2570,2.6778337955474854
0,23,26,V,11579,2.4394166469573975
0,23,26,V,10741,2.3601458072662354
0,23,26,V,7985,2.3266708850860596
0,23,26,V,13203,2.213473320007324
0,23,26,V,660,2.121826171875
0,23,26,V,5272,2.0966403484344482
0,23,26,V,3908,2.0945632457733154
0,23,26,V,12126,2.093458652496338
0,23,26,V,11435,2.0751774311065674
0,23,26,V,14208,2.0575037002563477
0,23,26,V,5211,1.9698456525802612
0,23,26,V,10990,1.9635707139968872
0,23,26,V,917,1.9477461576461792
0,23,26,V,7754,1.9084752798080444
0,23,26,V,918,1.8992396593093872
0,23,26,V,5114,1.847852110862732
0,23,26,V,9494,1.8459733724594116
0,23,26,V,9716,1.8296419382095337
0,23,26,V,9949,1.79184091091156
0,23,26,V,2448,1.7817542552947998
0,23,26,V,10740,1.7419346570968628
0,23,26,V,217,1.7339006662368774
0,23,26,V,10527,1.7153269052505493
0,23,26,V,4687,1.7031397819519043
0,23,26,V,12619,1.6732354164123535
0,23,26,V,5541,1.6692181825637817
0,23,26,V,15182,1.6630266904830933
0,23,26,V,6981,1.6588890552520752
0,23,26,V,13981,1.6531383991241455
0,23,26,V,9251,1.630462408065796
0,23,26,V,11331,1.6152927875518799
0,23,26,V,8693,1.6011165380477905
0,23,26,V,5580,1.579878807067871
0,23,26,V,8395,1.5677838325500488
0,23,26,V,3427,1.5554454326629639
0,23,26,V,3695,1.5259894132614136
0,23,26,V,1962,1.4962434768676758
0,23,26,V,9285,1.4599884748458862
0,23,26,V,6042,1.4564656019210815
0,23,26,V,6559,1.4278037548065186
0,23,26,V,10608,1.4153180122375488
0,23,26,V,14962,1.4029059410095215
0,23,26,V,572,1.3784083127975464
0,23,26,V,9464,1.3747390508651733
0,23,26,V,15255,1.3714183568954468
0,23,26,V,16063,1.364258050918579
0,23,26,V,656,1.3614510297775269
0,23,26,V,421,1.3533048629760742
0,23,26,V,1392,1.3522166013717651
0,23,26,V,13895,1.3416955471038818
0,23,26,V,510,1.3394594192504883
0,23,26,V,6012,1.3375465869903564
0,23,26,V,2364,1.328566074371338
0,23,26,V,2698,1.32017183303833
0,23,26,V,6380,1.3163996934890747
0,23,27,K,9211,9.313127517700195
0,23,27,K,5562,8.970096588134766
0,23,27,K,8836,7.621114253997803
0,23,27,K,13844,7.5024261474609375
0,23,27,K,12880,6.6278557777404785
0,23,27,K,6760,6.560276985168457
0,23,27,K,15182,5.822826862335205
0,23,27,K,386,5.684572219848633
0,23,27,K,4687,5.684362888336182
0,23,27,K,2512,5.509430408477783
0,23,27,K,340,5.19050931930542
0,23,27,K,1939,3.8227624893188477
0,23,27,K,1251,3.525010585784912
0,23,27,K,4566,3.5052335262298584
0,23,27,K,3160,3.2447493076324463
0,23,27,K,2906,3.2444982528686523
0,23,27,K,13630,2.312004327774048
0,23,27,K,213,1.9970800876617432
0,23,27,K,15353,1.9039690494537354
0,23,27,K,4596,1.8556675910949707
0,23,27,K,9993,1.8001445531845093
0,23,27,K,718,1.5943735837936401
0,23,27,K,11504,1.4206585884094238
0,23,27,K,12994,1.2787964344024658
0,23,27,K,6650,1.1891740560531616
0,23,27,K,8075,1.1854088306427002
0,23,27,K,15647,1.1063886880874634
0,23,27,K,3321,1.0728075504302979
0,23,27,K,10504,1.0271098613739014
0,23,27,K,15432,1.0056660175323486
0,23,27,K,13406,0.9555118083953857
0,23,27,K,1121,0.9553170204162598
0,23,27,K,13746,0.9448275566101074
0,23,27,K,11245,0.9437575936317444
0,23,27,K,12326,0.9258325099945068
0,23,27,K,10564,0.9215735793113708
0,23,27,K,10567,0.8921413421630859
0,23,27,K,1235,0.8720937967300415
0,23,27,K,2381,0.8548864722251892
0,23,27,K,3657,0.8465780019760132
0,23,27,K,240,0.838118851184845
0,23,27,K,14228,0.7911450266838074
0,23,27,K,995,0.7892584800720215
0,23,27,K,7410,0.7582695484161377
0,23,27,K,15121,0.7486604452133179
0,23,27,K,8600,0.7477400302886963
0,23,27,K,12381,0.7433632612228394
0,23,27,K,15430,0.7423980236053467
0,23,27,K,11760,0.741697371006012
0,23,27,K,6012,0.7354627251625061
0,23,27,K,1153,0.7296943068504333
0,23,27,K,6130,0.7293819189071655
0,23,27,K,5034,0.7279444336891174
0,23,27,K,9923,0.7260778546333313
0,23,27,K,11737,0.7103572487831116
0,23,27,K,4124,0.7075602412223816
0,23,27,K,11154,0.6997588276863098
0,23,27,K,11769,0.6961723566055298
0,23,27,K,5552,0.6903446316719055
0,23,27,K,12301,0.6895695924758911
0,23,27,K,3344,0.6845065951347351
0,23,27,K,11353,0.6808979511260986
0,23,27,K,268,0.674845278263092
0,23,27,K,14176,0.668131947517395
0,23,28,A,9211,9.289654731750488
0,23,28,A,13844,8.189122200012207
0,23,28,A,5562,7.421318054199219
0,23,28,A,12880,7.166603088378906
0,23,28,A,8836,7.13624382019043
0,23,28,A,15182,6.44663667678833
0,23,28,A,386,6.324128150939941
0,23,28,A,6760,5.88077974319458
0,23,28,A,4687,5.389081954956055
0,23,28,A,2512,5.040744781494141
0,23,28,A,1251,4.872844219207764
0,23,28,A,2550,3.2193496227264404
0,23,28,A,9408,3.137136936187744
0,23,28,A,15674,2.688721179962158
0,23,28,A,13630,2.653290033340454
0,23,28,A,13056,2.5658669471740723
0,23,28,A,1235,2.186830759048462
0,23,28,A,9993,1.948641061782837
0,23,28,A,16334,1.774068832397461
0,23,28,A,213,1.6820367574691772
0,23,28,A,2906,1.6031126976013184
0,23,28,A,470,1.4553346633911133
0,23,28,A,656,1.4070767164230347
0,23,28,A,8378,1.217207908630371
0,23,28,A,1272,1.2097877264022827
0,23,28,A,11869,1.1923737525939941
0,23,28,A,14753,1.1868484020233154
0,23,28,A,2381,1.177416443824768
0,23,28,A,6787,1.1431132555007935
0,23,28,A,14176,1.1280635595321655
0,23,28,A,1759,1.0534396171569824
0,23,28,A,1153,1.003357172012329
0,23,28,A,9385,0.9958739876747131
0,23,28,A,7809,0.9938840270042419
0,23,28,A,4908,0.973197340965271
0,23,28,A,3844,0.9547281265258789
0,23,28,A,11544,0.9500604867935181
0,23,28,A,8533,0.9223212003707886
0,23,28,A,9923,0.9134829640388489
0,23,28,A,11760,0.9122315049171448
0,23,28,A,4476,0.9103018045425415
0,23,28,A,11985,0.895065188407898
0,23,28,A,13395,0.8772805333137512
0,23,28,A,3473,0.874570906162262
0,23,28,A,15366,0.8680318593978882
0,23,28,A,5059,0.8649030923843384
0,23,28,A,2899,0.8540119528770447
0,23,28,A,15939,0.8386138081550598
0,23,28,A,2451,0.8368017077445984
0,23,28,A,2234,0.8292039632797241
0,23,28,A,6697,0.8234262466430664
0,23,28,A,13746,0.8175005912780762
0,23,28,A,718,0.8102719783782959
0,23,28,A,11453,0.806016206741333
0,23,28,A,196,0.8020121455192566
0,23,28,A,14007,0.7962634563446045
0,23,28,A,10564,0.7950525879859924
0,23,28,A,211,0.7932998538017273
0,23,28,A,15430,0.7872275114059448
0,23,28,A,11769,0.7704188823699951
0,23,28,A,2435,0.7687259912490845
0,23,28,A,1735,0.767192006111145
0,23,28,A,2144,0.7665395140647888
0,23,28,A,13857,0.7580944299697876
0,23,29,K,9211,9.934598922729492
0,23,29,K,8836,8.433454513549805
0,23,29,K,5562,8.299295425415039
0,23,29,K,13844,7.9407196044921875
0,23,29,K,12880,7.032862663269043
0,23,29,K,6760,6.361988067626953
0,23,29,K,386,6.259957790374756
0,23,29,K,4687,5.448214054107666
0,23,29,K,15182,5.304099082946777
0,23,29,K,2512,5.004390239715576
0,23,29,K,340,4.256497383117676
0,23,29,K,1251,4.196249008178711
0,23,29,K,13630,3.411574125289917
0,23,29,K,4566,2.9711310863494873
0,23,29,K,12633,2.5447604656219482
0,23,29,K,10606,2.4128239154815674
0,23,29,K,4348,2.0932586193084717
0,23,29,K,9993,1.9730061292648315
0,23,29,K,5305,1.9080121517181396
0,23,29,K,15430,1.6119316816329956
0,23,29,K,213,1.3966280221939087
0,23,29,K,11760,1.317749261856079
0,23,29,K,2381,1.1933467388153076
0,23,29,K,12676,1.1900177001953125
0,23,29,K,13857,1.176716923713684
0,23,29,K,4043,1.1048951148986816
0,23,29,K,2269,1.0946038961410522
0,23,29,K,9408,1.074280023574829
0,23,29,K,4765,1.0529699325561523
0,23,29,K,10288,1.0493874549865723
0,23,29,K,1121,1.0448859930038452
0,23,29,K,11769,1.0445122718811035
0,23,29,K,1235,1.0350064039230347
0,23,29,K,240,0.9962932467460632
0,23,29,K,13746,0.9839286208152771
0,23,29,K,14007,0.9794628620147705
0,23,29,K,3853,0.9751936793327332
0,23,29,K,235,0.95305997133255
0,23,29,K,10941,0.9393137693405151
0,23,29,K,9250,0.9375010132789612
0,23,29,K,10564,0.8914321660995483
0,23,29,K,4578,0.889370322227478
0,23,29,K,14114,0.8874061107635498
0,23,29,K,2640,0.8444551229476929
0,23,29,K,5205,0.8379684686660767
0,23,29,K,8134,0.8182334303855896
0,23,29,K,4943,0.8172290921211243
0,23,29,K,11013,0.8044182658195496
0,23,29,K,9719,0.8031732439994812
0,23,29,K,3157,0.7961411476135254
0,23,29,K,13895,0.7878842353820801
0,23,29,K,14866,0.7660712003707886
0,23,29,K,1153,0.7638005018234253
0,23,29,K,10888,0.751117467880249
0,23,29,K,6130,0.7399110198020935
0,23,29,K,13268,0.7236759662628174
0,23,29,K,4101,0.7202144265174866
0,23,29,K,15432,0.7150298357009888
0,23,29,K,10235,0.7147035598754883
0,23,29,K,16055,0.6947429776191711
0,23,29,K,8378,0.6867177486419678
0,23,29,K,4551,0.6754967570304871
0,23,29,K,5155,0.6754394173622131
0,23,29,K,11167,0.6721897125244141
0,23,30,I,5562,8.692581176757812
0,23,30,I,9211,7.7256951332092285
0,23,30,I,386,6.8284592628479
0,23,30,I,13844,6.6413493156433105
0,23,30,I,6760,6.530168533325195
0,23,30,I,15182,6.030004978179932
0,23,30,I,4687,5.625886917114258
0,23,30,I,12880,5.196728706359863
0,23,30,I,2512,4.734983921051025
0,23,30,I,8836,4.302743911743164
0,23,30,I,2945,4.146945953369141
0,23,30,I,10803,3.3382749557495117
0,23,30,I,4514,3.258127450942993
0,23,30,I,13630,2.4975810050964355
0,23,30,I,5272,2.3712270259857178
0,23,30,I,1251,2.249208927154541
0,23,30,I,7638,2.2457056045532227
0,23,30,I,11483,2.2363810539245605
0,23,30,I,9700,2.170184850692749
0,23,30,I,12779,2.11275053024292
0,23,30,I,9313,1.960214376449585
0,23,30,I,10941,1.9573640823364258
0,23,30,I,83,1.7841928005218506
0,23,30,I,9993,1.7280126810073853
0,23,30,I,13283,1.6858103275299072
0,23,30,I,213,1.685045599937439
0,23,30,I,6065,1.6530874967575073
0,23,30,I,13203,1.5155662298202515
0,23,30,I,11985,1.5045177936553955
0,23,30,I,12654,1.4769717454910278
0,23,30,I,11760,1.379475712776184
0,23,30,I,7550,1.3534517288208008
0,23,30,I,17,1.3462008237838745
0,23,30,I,11245,1.2999608516693115
0,23,30,I,11325,1.2674018144607544
0,23,30,I,12547,1.2642587423324585
0,23,30,I,13857,1.2526423931121826
0,23,30,I,11698,1.1977819204330444
0,23,30,I,3094,1.1773030757904053
0,23,30,I,11471,1.1699849367141724
0,23,30,I,6495,1.156438946723938
0,23,30,I,77,1.1273517608642578
0,23,30,I,660,1.1223962306976318
0,23,30,I,8707,1.08183753490448
0,23,30,I,3272,1.0222738981246948
0,23,30,I,2381,1.0170259475708008
0,23,30,I,11212,0.9639701843261719
0,23,30,I,4043,0.9610181450843811
0,23,30,I,13746,0.9559251070022583
0,23,30,I,6215,0.9346104264259338
0,23,30,I,15430,0.9131423234939575
0,23,30,I,12695,0.9077264666557312
0,23,30,I,16101,0.9049732685089111
0,23,30,I,690,0.8702444434165955
0,23,30,I,1886,0.8615016937255859
0,23,30,I,11353,0.8578667044639587
0,23,30,I,6697,0.8570684790611267
0,23,30,I,6130,0.8555616736412048
0,23,30,I,3853,0.8520991206169128
0,23,30,I,8317,0.8464415073394775
0,23,30,I,5305,0.8314635753631592
0,23,30,I,13457,0.8285686373710632
0,23,30,I,7916,0.8157661557197571
0,23,30,I,2044,0.8115396499633789
0,23,31,Q,9211,9.415909767150879
0,23,31,Q,8836,8.469406127929688
0,23,31,Q,13844,8.144012451171875
0,23,31,Q,6760,7.435446739196777
0,23,31,Q,5562,7.1448516845703125
0,23,31,Q,12880,6.924629211425781
0,23,31,Q,15182,6.816833972930908
0,23,31,Q,386,5.979560852050781
0,23,31,Q,4687,5.046126842498779
0,23,31,Q,2512,4.854095458984375
0,23,31,Q,1251,4.388622760772705
0,23,31,Q,14928,3.514768362045288
0,23,31,Q,13630,3.106806516647339
0,23,31,Q,155,3.0716536045074463
0,23,31,Q,10941,2.0698952674865723
0,23,31,Q,213,1.4434428215026855
0,23,31,Q,11740,1.403117299079895
0,23,31,Q,9330,1.3980375528335571
0,23,31,Q,11760,1.3679792881011963
0,23,31,Q,15594,1.3414764404296875
0,23,31,Q,15353,1.333899974822998
0,23,31,Q,9993,1.3231072425842285
0,23,31,Q,9719,1.293540596961975
0,23,31,Q,10623,1.2231097221374512
0,23,31,Q,169,1.1620376110076904
0,23,31,Q,5910,1.156775712966919
0,23,31,Q,9408,1.1494814157485962
0,23,31,Q,10924,1.1160169839859009
0,23,31,Q,1201,1.1028776168823242
0,23,31,Q,6862,1.1017242670059204
0,23,31,Q,11769,1.1016112565994263
0,23,31,Q,14021,1.0907217264175415
0,23,31,Q,6856,1.0855151414871216
0,23,31,Q,6130,1.0747108459472656
0,23,31,Q,15873,1.000120997428894
0,23,31,Q,2381,0.9893447160720825
0,23,31,Q,12680,0.9713872075080872
0,23,31,Q,15939,0.9636821150779724
0,23,31,Q,3853,0.9535301923751831
0,23,31,Q,8134,0.940937340259552
0,23,31,Q,3094,0.936084508895874
0,23,31,Q,6066,0.9079494476318359
0,23,31,Q,2269,0.8992674350738525
0,23,31,Q,14152,0.8928195834159851
0,23,31,Q,1153,0.8828022480010986
0,23,31,Q,4908,0.8754848837852478
0,23,31,Q,13746,0.8507897853851318
0,23,31,Q,13609,0.848936140537262
0,23,31,Q,718,0.8449029922485352
0,23,31,Q,15674,0.8445638418197632
0,23,31,Q,4514,0.8397737145423889
0,23,31,Q,11667,0.8379079699516296
0,23,31,Q,5221,0.8357096910476685
0,23,31,Q,13105,0.834645688533783
0,23,31,Q,3613,0.8310704827308655
0,23,31,Q,13288,0.8065400123596191
0,23,31,Q,8217,0.8009784817695618
0,23,31,Q,5200,0.7895734310150146
0,23,31,Q,113,0.7877196669578552
0,23,31,Q,235,0.7832844853401184
0,23,31,Q,5127,0.754671037197113
0,23,31,Q,12858,0.7537113428115845
0,23,31,Q,8317,0.7500510811805725
0,23,31,Q,3306,0.7432444095611572
0,23,32,D,8836,9.11087703704834
0,23,32,D,9211,8.981986999511719
0,23,32,D,13844,8.213302612304688
0,23,32,D,5562,7.548000335693359
0,23,32,D,12880,7.075013637542725
0,23,32,D,386,6.688185214996338
0,23,32,D,6760,6.2495036125183105
0,23,32,D,15182,5.355145454406738
0,23,32,D,4687,4.599712371826172
0,23,32,D,1204,4.061376571655273
0,23,32,D,1251,3.5383238792419434
0,23,32,D,9408,3.4131457805633545
0,23,32,D,2512,3.199369192123413
0,23,32,D,13630,3.1680891513824463
0,23,32,D,2640,2.566563129425049
0,23,32,D,2913,2.344686508178711
0,23,32,D,10941,2.0976271629333496
0,23,32,D,13095,1.707409143447876
0,23,32,D,15594,1.6579303741455078
0,23,32,D,169,1.5895243883132935
0,23,32,D,656,1.5394089221954346
0,23,32,D,9993,1.4882164001464844
0,23,32,D,14103,1.4278525114059448
0,23,32,D,11848,1.2602863311767578
0,23,32,D,5910,1.2516862154006958
0,23,32,D,10121,1.2279853820800781
0,23,32,D,8378,1.2251710891723633
0,23,32,D,8495,1.2105422019958496
0,23,32,D,11900,1.2009168863296509
0,23,32,D,15674,1.1816002130508423
0,23,32,D,12067,1.1786305904388428
0,23,32,D,3094,1.1653815507888794
0,23,32,D,1110,1.1348373889923096
0,23,32,D,15873,1.1282764673233032
0,23,32,D,9719,1.1207964420318604
0,23,32,D,10470,1.1014199256896973
0,23,32,D,3306,1.0840535163879395
0,23,32,D,4908,1.0816916227340698
0,23,32,D,13395,1.0744832754135132
0,23,32,D,11760,1.0480581521987915
0,23,32,D,6130,1.0325803756713867
0,23,32,D,14021,1.0309908390045166
0,23,32,D,4615,1.0196287631988525
0,23,32,D,14753,0.9792788028717041
0,23,32,D,11167,0.9717034697532654
0,23,32,D,14483,0.9523874521255493
0,23,32,D,2685,0.9496793746948242
0,23,32,D,6862,0.9388030171394348
0,23,32,D,1114,0.9224001169204712
0,23,32,D,1153,0.9219534397125244
0,23,32,D,7466,0.9078359603881836
0,23,32,D,1235,0.9031627178192139
0,23,32,D,8533,0.901116669178009
0,23,32,D,4384,0.8991461396217346
0,23,32,D,5221,0.8940013647079468
0,23,32,D,8217,0.8915310502052307
0,23,32,D,1201,0.886295735836029
0,23,32,D,7493,0.8824301958084106
0,23,32,D,7487,0.880406379699707
0,23,32,D,8317,0.8683404326438904
0,23,32,D,213,0.8614408373832703
0,23,32,D,14714,0.857329249382019
0,23,32,D,1136,0.8425760269165039
0,23,32,D,113,0.8239073157310486
0,23,33,K,9211,9.89206314086914
0,23,33,K,8836,8.985649108886719
0,23,33,K,13844,7.827188014984131
0,23,33,K,12880,7.322665214538574
0,23,33,K,5562,7.208493709564209
0,23,33,K,6760,6.393815517425537
0,23,33,K,386,5.811716556549072
0,23,33,K,15182,5.490683555603027
0,23,33,K,4687,4.703962326049805
0,23,33,K,4615,4.358103275299072
0,23,33,K,340,4.216728687286377
0,23,33,K,1251,3.776008129119873
0,23,33,K,4566,3.6449902057647705
0,23,33,K,2512,3.1342618465423584
0,23,33,K,10941,2.430396318435669
0,23,33,K,3094,2.190931797027588
0,23,33,K,13630,2.1733620166778564
0,23,33,K,15594,1.8516485691070557
0,23,33,K,4943,1.6623939275741577
0,23,33,K,83,1.652790904045105
0,23,33,K,12067,1.5290924310684204
0,23,33,K,2916,1.4444152116775513
0,23,33,K,2913,1.4328762292861938
0,23,33,K,9719,1.404146432876587
0,23,33,K,10643,1.3779113292694092
0,23,33,K,3290,1.3523671627044678
0,23,33,K,9993,1.339714765548706
0,23,33,K,15138,1.2861769199371338
0,23,33,K,235,1.2718712091445923
0,23,33,K,14021,1.2195944786071777
0,23,33,K,7742,1.1345179080963135
0,23,33,K,7466,1.1287068128585815
0,23,33,K,8495,1.1122578382492065
0,23,33,K,15873,1.077622652053833
0,23,33,K,6362,1.0152865648269653
0,23,33,K,2144,1.0121018886566162
0,23,33,K,6862,1.0075029134750366
0,23,33,K,14714,0.9862543940544128
0,23,33,K,8729,0.9497502446174622
0,23,33,K,3853,0.941568911075592
0,23,33,K,1153,0.9370826482772827
0,23,33,K,9059,0.9314932227134705
0,23,33,K,13091,0.928902268409729
0,23,33,K,13832,0.9082509875297546
0,23,33,K,5133,0.9037010669708252
0,23,33,K,1121,0.9006765484809875
0,23,33,K,9408,0.8975861668586731
0,23,33,K,4384,0.8823193907737732
0,23,33,K,11769,0.873642086982727
0,23,33,K,15141,0.8676683902740479
0,23,33,K,10628,0.8597779273986816
0,23,33,K,8317,0.8566620349884033
0,23,33,K,6012,0.8461734652519226
0,23,33,K,1160,0.8318814039230347
0,23,33,K,16375,0.8162474632263184
0,23,33,K,10924,0.8150249123573303
0,23,33,K,12676,0.8115724325180054
0,23,33,K,15432,0.8096216917037964
0,23,33,K,4908,0.8058711886405945
0,23,33,K,9756,0.7997743487358093
0,23,33,K,2273,0.774578869342804
0,23,33,K,1996,0.7604032754898071
0,23,33,K,10681,0.7602089047431946
0,23,33,K,2655,0.7580425143241882
0,23,34,E,9211,8.886384963989258
0,23,34,E,8836,7.8505539894104
0,23,34,E,12880,7.706213474273682
0,23,34,E,13844,7.514729976654053
0,23,34,E,5562,7.168705463409424
0,23,34,E,15182,6.874461650848389
0,23,34,E,386,6.8595757484436035
0,23,34,E,15138,5.3148016929626465
0,23,34,E,6760,5.0029778480529785
0,23,34,E,5675,3.927555561065674
0,23,34,E,1251,3.3101818561553955
0,23,34,E,4687,3.267035484313965
0,23,34,E,2512,3.076143503189087
0,23,34,E,83,2.5339670181274414
0,23,34,E,10941,2.3818094730377197
0,23,34,E,7742,2.3132271766662598
0,23,34,E,2598,2.2322580814361572
0,23,34,E,3094,2.067863702774048
0,23,34,E,4615,1.9622278213500977
0,23,34,E,13120,1.8878154754638672
0,23,34,E,13731,1.838900089263916
0,23,34,E,13630,1.7526845932006836
0,23,34,E,15594,1.7251994609832764
0,23,34,E,9835,1.6647965908050537
0,23,34,E,12676,1.6522018909454346
0,23,34,E,10643,1.6515296697616577
0,23,34,E,9993,1.4101593494415283
0,23,34,E,9719,1.3653372526168823
0,23,34,E,16101,1.3368340730667114
0,23,34,E,7306,1.3328315019607544
0,23,34,E,10152,1.3193113803863525
0,23,34,E,8729,1.2636977434158325
0,23,34,E,3290,1.2380115985870361
0,23,34,E,7809,1.1640381813049316
0,23,34,E,2435,1.1285794973373413
0,23,34,E,11245,1.1225069761276245
0,23,34,E,5133,1.040088176727295
0,23,34,E,8317,1.03018057346344
0,23,34,E,4530,1.0292876958847046
0,23,34,E,13091,1.0249714851379395
0,23,34,E,2685,1.0213252305984497
0,23,34,E,15141,1.0189111232757568
0,23,34,E,7488,1.002070426940918
0,23,34,E,173,0.9922260046005249
0,23,34,E,8053,0.9845899939537048
0,23,34,E,11325,0.9500771164894104
0,23,34,E,1201,0.940659761428833
0,23,34,E,200,0.9382318258285522
0,23,34,E,14190,0.9329923391342163
0,23,34,E,8586,0.9238346219062805
0,23,34,E,11331,0.9123273491859436
0,23,34,E,3080,0.8874907493591309
0,23,34,E,5910,0.8791751265525818
0,23,34,E,169,0.8645262718200684
0,23,34,E,1174,0.8301878571510315
0,23,34,E,13780,0.8155347108840942
0,23,34,E,11186,0.8146945834159851
0,23,34,E,6362,0.7968084216117859
0,23,34,E,14482,0.7885898947715759
0,23,34,E,12650,0.7817516326904297
0,23,34,E,5034,0.7747336626052856
0,23,34,E,13427,0.7601738572120667
0,23,34,E,7242,0.7505995631217957
0,23,34,E,6856,0.7488178014755249
0,23,35,G,8836,9.348745346069336
0,23,35,G,9211,9.039483070373535
0,23,35,G,3844,7.4545722007751465
0,23,35,G,386,7.454553604125977
0,23,35,G,13844,7.269493103027344
0,23,35,G,12880,6.835827350616455
0,23,35,G,15182,6.691280364990234
0,23,35,G,5562,6.577678680419922
0,23,35,G,6760,6.247804164886475
0,23,35,G,9412,5.546579837799072
0,23,35,G,1251,3.718395709991455
0,23,35,G,9507,3.120668411254883
0,23,35,G,4687,2.925522804260254
0,23,35,G,2512,2.822010040283203
0,23,35,G,3463,2.3446335792541504
0,23,35,G,10941,2.3183395862579346
0,23,35,G,13630,2.268798351287842
0,23,35,G,4476,1.9300941228866577
0,23,35,G,3094,1.8680931329727173
0,23,35,G,169,1.6260250806808472
0,23,35,G,13095,1.576836347579956
0,23,35,G,4908,1.5259002447128296
0,23,35,G,15594,1.4702497720718384
0,23,35,G,9993,1.4340131282806396
0,23,35,G,5763,1.3797985315322876
0,23,35,G,10643,1.3097532987594604
0,23,35,G,1201,1.2725846767425537
0,23,35,G,83,1.2495492696762085
0,23,35,G,15141,1.1681355237960815
0,23,35,G,11014,1.1553279161453247
0,23,35,G,8217,1.1417473554611206
0,23,35,G,7915,1.041440486907959
0,23,35,G,8495,1.002249002456665
0,23,35,G,2887,0.9766256809234619
0,23,35,G,5910,0.9764484763145447
0,23,35,G,13120,0.9730405807495117
0,23,35,G,16125,0.9594600200653076
0,23,35,G,15939,0.9547563791275024
0,23,35,G,8846,0.9468662142753601
0,23,35,G,12397,0.9452605843544006
0,23,35,G,5200,0.9053532481193542
0,23,35,G,12676,0.8970441222190857
0,23,35,G,1153,0.8835413455963135
0,23,35,G,2534,0.86985182762146
0,23,35,G,5036,0.8629552125930786
0,23,35,G,11893,0.8611329197883606
0,23,35,G,7809,0.8577412366867065
0,23,35,G,3306,0.8431655764579773
0,23,35,G,4765,0.7963332533836365
0,23,35,G,9542,0.7917368412017822
0,23,35,G,5034,0.7859663367271423
0,23,35,G,7306,0.771163821220398
0,23,35,G,14723,0.7610034346580505
0,23,35,G,10152,0.7607178092002869
0,23,35,G,12144,0.7565369009971619
0,23,35,G,7493,0.740921676158905
0,23,35,G,2685,0.7406596541404724
0,23,35,G,1061,0.7331705093383789
0,23,35,G,14240,0.7259505391120911
0,23,35,G,995,0.720857560634613
0,23,35,G,718,0.717235803604126
0,23,35,G,6864,0.7157613635063171
0,23,35,G,6130,0.7154451608657837
0,23,35,G,9719,0.7129395008087158
0,23,36,I,12880,9.2703218460083
0,23,36,I,13844,8.363094329833984
0,23,36,I,8836,7.971855640411377
0,23,36,I,9211,7.727888107299805
0,23,36,I,15182,7.4974284172058105
0,23,36,I,386,6.829689979553223
0,23,36,I,6760,6.637409687042236
0,23,36,I,5562,6.016890525817871
0,23,36,I,2945,3.834980010986328
0,23,36,I,2512,3.7943074703216553
0,23,36,I,13095,3.743785858154297
0,23,36,I,4908,2.576744318008423
0,23,36,I,4687,2.5074069499969482
0,23,36,I,9323,2.4941601753234863
0,23,36,I,13630,2.2191855907440186
0,23,36,I,4561,2.1263699531555176
0,23,36,I,3094,1.9599432945251465
0,23,36,I,10941,1.943861722946167
0,23,36,I,5763,1.7943644523620605
0,23,36,I,9993,1.7445822954177856
0,23,36,I,15594,1.7324750423431396
0,23,36,I,1251,1.7277116775512695
0,23,36,I,11851,1.6605130434036255
0,23,36,I,4830,1.5730808973312378
0,23,36,I,4530,1.5698201656341553
0,23,36,I,2640,1.5361430644989014
0,23,36,I,1201,1.501776099205017
0,23,36,I,7550,1.4373488426208496
0,23,36,I,15528,1.3688089847564697
0,23,36,I,1338,1.2566777467727661
0,23,36,I,9992,1.2545580863952637
0,23,36,I,14240,1.24181067943573
0,23,36,I,7510,1.236557960510254
0,23,36,I,8319,1.1540268659591675
0,23,36,I,16101,1.0906288623809814
0,23,36,I,10643,1.0575464963912964
0,23,36,I,8729,1.0449787378311157
0,23,36,I,14799,1.0390993356704712
0,23,36,I,14325,1.0196614265441895
0,23,36,I,8495,0.9976814985275269
0,23,36,I,6130,0.9939433336257935
0,23,36,I,11893,0.9925378561019897
0,23,36,I,2318,0.9772857427597046
0,23,36,I,4849,0.9690262079238892
0,23,36,I,3503,0.9641172885894775
0,23,36,I,718,0.9556324481964111
0,23,36,I,13395,0.9512975215911865
0,23,36,I,7072,0.9326483011245728
0,23,36,I,12676,0.9320937395095825
0,23,36,I,5452,0.8893548846244812
0,23,36,I,11014,0.8692071437835693
0,23,36,I,660,0.8658923506736755
0,23,36,I,15026,0.8613700270652771
0,23,36,I,3473,0.8588671088218689
0,23,36,I,12533,0.8556305766105652
0,23,36,I,12656,0.841640293598175
0,23,36,I,794,0.8393098711967468
0,23,36,I,9719,0.8328935503959656
0,23,36,I,169,0.8280341625213623
0,23,36,I,9756,0.8098711967468262
0,23,36,I,14021,0.8092504739761353
0,23,36,I,8217,0.8056566119194031
0,23,36,I,8817,0.7939728498458862
0,23,36,I,8846,0.7885093092918396
0,23,37,P,8836,9.619415283203125
0,23,37,P,12880,8.687688827514648
0,23,37,P,13844,8.236711502075195
0,23,37,P,9211,7.974725246429443
0,23,37,P,15182,7.627655982971191
0,23,37,P,6760,6.252508163452148
0,23,37,P,386,5.895832061767578
0,23,37,P,5562,5.140067100524902
0,23,37,P,2512,4.990878105163574
0,23,37,P,96,4.785541534423828
0,23,37,P,2318,3.919651508331299
0,23,37,P,1251,3.6000559329986572
0,23,37,P,4908,2.641361951828003
0,23,37,P,9323,2.5654869079589844
0,23,37,P,14532,2.3033270835876465
0,23,37,P,13630,2.176928997039795
0,23,37,P,4561,2.007863998413086
0,23,37,P,13741,1.9854607582092285
0,23,37,P,9993,1.8914583921432495
0,23,37,P,5763,1.8713675737380981
0,23,37,P,12676,1.7559537887573242
0,23,37,P,10033,1.695662260055542
0,23,37,P,4687,1.6755235195159912
0,23,37,P,15594,1.6556644439697266
0,23,37,P,10941,1.6549434661865234
0,23,37,P,15939,1.5262635946273804
0,23,37,P,3094,1.4826228618621826
0,23,37,P,12682,1.4162414073944092
0,23,37,P,169,1.4045053720474243
0,23,37,P,10643,1.3702691793441772
0,23,37,P,8319,1.3003402948379517
0,23,37,P,1201,1.290642499923706
0,23,37,P,1338,1.289913296699524
0,23,37,P,2916,1.2637346982955933
0,23,37,P,8791,1.2264599800109863
0,23,37,P,14325,1.1866928339004517
0,23,37,P,7510,1.1416945457458496
0,23,37,P,389,1.1307885646820068
0,23,37,P,1533,1.1088377237319946
0,23,37,P,4754,1.0443390607833862
0,23,37,P,6130,0.9706404209136963
0,23,37,P,15141,0.963117778301239
0,23,37,P,12650,0.9272445440292358
0,23,37,P,11221,0.908700704574585
0,23,37,P,9992,0.8847107887268066
0,23,37,P,1881,0.8522136211395264
0,23,37,P,8729,0.8510196805000305
0,23,37,P,7488,0.8395035862922668
0,23,37,P,10968,0.8305097818374634
0,23,37,P,9756,0.8196433782577515
0,23,37,P,11245,0.8165226578712463
0,23,37,P,14886,0.8086497187614441
0,23,37,P,8217,0.8022623658180237
0,23,37,P,10152,0.7918643951416016
0,23,37,P,8317,0.784105122089386
0,23,37,P,7197,0.7824358940124512
0,23,37,P,5300,0.7643418312072754
0,23,37,P,6745,0.7490770220756531
0,23,37,P,6709,0.749038815498352
0,23,37,P,11014,0.7461510896682739
0,23,37,P,5215,0.7401010990142822
0,23,37,P,468,0.7358189821243286
0,23,37,P,15443,0.7332022786140442
0,23,37,P,11018,0.7327038049697876
0,23,38,P,12880,9.558287620544434
0,23,38,P,8836,9.2874755859375
0,23,38,P,13844,7.886664390563965
0,23,38,P,9211,7.870736598968506
0,23,38,P,15182,7.586673259735107
0,23,38,P,386,6.418457984924316
0,23,38,P,6760,6.348702430725098
0,23,38,P,2512,5.014286041259766
0,23,38,P,5562,4.798072814941406
0,23,38,P,96,4.373714923858643
0,23,38,P,1251,3.9307444095611572
0,23,38,P,4908,3.3732218742370605
0,23,38,P,389,2.7640016078948975
0,23,38,P,7817,2.7436251640319824
0,23,38,P,4561,2.4041635990142822
0,23,38,P,13630,1.9013906717300415
0,23,38,P,7510,1.801615595817566
0,23,38,P,8319,1.7016777992248535
0,23,38,P,4687,1.6566596031188965
0,23,38,P,9993,1.649208903312683
0,23,38,P,5763,1.6117119789123535
0,23,38,P,8791,1.5970485210418701
0,23,38,P,14886,1.4861599206924438
0,23,38,P,16375,1.4793137311935425
0,23,38,P,8317,1.4260203838348389
0,23,38,P,15594,1.3625366687774658
0,23,38,P,12676,1.3100842237472534
0,23,38,P,1201,1.2612411975860596
0,23,38,P,656,1.1585105657577515
0,23,38,P,15939,1.1467418670654297
0,23,38,P,8217,1.1462360620498657
0,23,38,P,3473,1.1235522031784058
0,23,38,P,11245,1.0346035957336426
0,23,38,P,12154,1.018155813217163
0,23,38,P,5036,1.0154224634170532
0,23,38,P,6435,1.0126529932022095
0,23,38,P,11221,0.9795461297035217
0,23,38,P,10643,0.9730193614959717
0,23,38,P,10152,0.9348310232162476
0,23,38,P,6403,0.9294333457946777
0,23,38,P,11801,0.9114559292793274
0,23,38,P,7196,0.898211658000946
0,23,38,P,4849,0.8923062086105347
0,23,38,P,1136,0.8854568004608154
0,23,38,P,7567,0.8795844912528992
0,23,38,P,6130,0.8787205219268799
0,23,38,P,11014,0.8601361513137817
0,23,38,P,10941,0.857021689414978
0,23,38,P,15218,0.8468128442764282
0,23,38,P,4754,0.8257080912590027
0,23,38,P,809,0.8249885439872742
0,23,38,P,3899,0.8062729835510254
0,23,38,P,5904,0.7904739379882812
0,23,38,P,1114,0.7885552048683167
0,23,38,P,7072,0.7883108854293823
0,23,38,P,8817,0.7881933450698853
0,23,38,P,5300,0.7852264046669006
0,23,38,P,16342,0.7658401131629944
0,23,38,P,3137,0.763509213924408
0,23,38,P,11018,0.7564413547515869
0,23,38,P,7738,0.7513485550880432
0,23,38,P,15539,0.7499064803123474
0,23,38,P,14325,0.7422515153884888
0,23,38,P,3363,0.7417750358581543
0,23,39,D,8836,10.411574363708496
0,23,39,D,12880,9.999079704284668
0,23,39,D,9211,8.15562629699707
0,23,39,D,386,7.129422187805176
0,23,39,D,13844,6.8788228034973145
0,23,39,D,15182,6.836370944976807
0,23,39,D,6760,5.228114604949951
0,23,39,D,5562,4.970341205596924
0,23,39,D,2512,3.9225594997406006
0,23,39,D,1251,3.746412754058838
0,23,39,D,1204,3.741882801055908
0,23,39,D,4908,3.3640706539154053
0,23,39,D,389,3.0982067584991455
0,23,39,D,8791,3.0385169982910156
0,23,39,D,7510,2.42958664894104
0,23,39,D,9993,2.0361592769622803
0,23,39,D,13297,2.0154147148132324
0,23,39,D,13630,1.9471802711486816
0,23,39,D,8319,1.9437916278839111
0,23,39,D,4561,1.8775146007537842
0,23,39,D,1201,1.855721354484558
0,23,39,D,8317,1.541006088256836
0,23,39,D,7567,1.4976983070373535
0,23,39,D,13095,1.4316433668136597
0,23,39,D,16375,1.3920402526855469
0,23,39,D,15594,1.3676820993423462
0,23,39,D,15939,1.3568103313446045
0,23,39,D,12676,1.2538026571273804
0,23,39,D,1382,1.234847903251648
0,23,39,D,6435,1.2223166227340698
0,23,39,D,14011,1.179203748703003
0,23,39,D,10871,1.1688894033432007
0,23,39,D,6403,1.1331833600997925
0,23,39,D,3473,1.0728627443313599
0,23,39,D,1110,1.0521531105041504
0,23,39,D,16342,1.0382328033447266
0,23,39,D,8034,1.0351836681365967
0,23,39,D,1114,1.0145158767700195
0,23,39,D,12650,0.9789260029792786
0,23,39,D,5523,0.9747610688209534
0,23,39,D,8217,0.9747295379638672
0,23,39,D,6130,0.9656326174736023
0,23,39,D,4687,0.9616175889968872
0,23,39,D,11138,0.9395642280578613
0,23,39,D,14021,0.9283950328826904
0,23,39,D,656,0.9173460602760315
0,23,39,D,15991,0.907505989074707
0,23,39,D,11760,0.8928807973861694
0,23,39,D,10478,0.8880842924118042
0,23,39,D,11014,0.8867604732513428
0,23,39,D,3764,0.8408626914024353
0,23,39,D,10894,0.830793559551239
0,23,39,D,10152,0.829300045967102
0,23,39,D,15412,0.8273869156837463
0,23,39,D,4849,0.8082034587860107
0,23,39,D,3899,0.7968073487281799
0,23,39,D,15443,0.7900784611701965
0,23,39,D,5836,0.7838718891143799
0,23,39,D,5456,0.7545372843742371
0,23,39,D,12067,0.7511895298957825
0,23,39,D,14807,0.7490134835243225
0,23,39,D,3067,0.748595654964447
0,23,39,D,9058,0.744061291217804
0,23,39,D,10941,0.7340574264526367
0,23,40,Q,12880,10.757397651672363
0,23,40,Q,8836,9.754230499267578
0,23,40,Q,9211,9.456107139587402
0,23,40,Q,5562,6.47196102142334
0,23,40,Q,15182,6.13315486907959
0,23,40,Q,13844,5.770003795623779
0,23,40,Q,386,4.930990219116211
0,23,40,Q,6760,4.827963829040527
0,23,40,Q,7510,3.8659238815307617
0,23,40,Q,1251,3.5473079681396484
0,23,40,Q,14928,3.474119186401367
0,23,40,Q,2512,3.222791910171509
0,23,40,Q,4637,2.9815051555633545
0,23,40,Q,4908,2.9694056510925293
0,23,40,Q,16375,2.5571234226226807
0,23,40,Q,13630,2.477076530456543
0,23,40,Q,10871,2.2146618366241455
0,23,40,Q,10478,1.9411331415176392
0,23,40,Q,11245,1.7858866453170776
0,23,40,Q,8319,1.7496540546417236
0,23,40,Q,389,1.594940185546875
0,23,40,Q,1201,1.5898741483688354
0,23,40,Q,8075,1.5495303869247437
0,23,40,Q,3473,1.5204195976257324
0,23,40,Q,6851,1.5189213752746582
0,23,40,Q,8317,1.4227505922317505
0,23,40,Q,16342,1.4165303707122803
0,23,40,Q,15594,1.3455497026443481
0,23,40,Q,2906,1.2683922052383423
0,23,40,Q,6403,1.264013409614563
0,23,40,Q,10909,1.2445811033248901
0,23,40,Q,9993,1.215375304222107
0,23,40,Q,12676,1.2062435150146484
0,23,40,Q,14011,1.1888996362686157
0,23,40,Q,4561,1.1488521099090576
0,23,40,Q,10894,1.1472746133804321
0,23,40,Q,14728,1.1072543859481812
0,23,40,Q,8034,1.1016398668289185
0,23,40,Q,293,1.0929155349731445
0,23,40,Q,6765,1.0695140361785889
0,23,40,Q,14021,1.0651220083236694
0,23,40,Q,12154,1.0436580181121826
0,23,40,Q,6130,1.0357407331466675
0,23,40,Q,10623,1.032892107963562
0,23,40,Q,4529,1.0253620147705078
0,23,40,Q,1382,0.9988997578620911
0,23,40,Q,7889,0.9844938516616821
0,23,40,Q,1078,0.9700103402137756
0,23,40,Q,9323,0.9567598700523376
0,23,40,Q,8791,0.9230394959449768
0,23,40,Q,7197,0.9166752696037292
0,23,40,Q,1153,0.8683419823646545
0,23,40,Q,5460,0.8634336590766907
0,23,40,Q,2381,0.8426653146743774
0,23,40,Q,4928,0.8423124551773071
0,23,40,Q,4754,0.8180779814720154
0,23,40,Q,11801,0.8171122074127197
0,23,40,Q,11760,0.8163930177688599
0,23,40,Q,9250,0.8059773445129395
0,23,40,Q,6650,0.8039081692695618
0,23,40,Q,11213,0.8026323318481445
0,23,40,Q,13620,0.8004143238067627
0,23,40,Q,224,0.7996273040771484
0,23,40,Q,7984,0.7944974303245544
0,23,41,Q,12880,10.88731575012207
0,23,41,Q,9211,7.242584228515625
0,23,41,Q,8836,6.2133588790893555
0,23,41,Q,5562,6.001918315887451
0,23,41,Q,15182,5.179430961608887
0,23,41,Q,386,4.666003227233887
0,23,41,Q,7510,4.475732803344727
0,23,41,Q,14928,4.230616569519043
0,23,41,Q,6760,4.063663959503174
0,23,41,Q,13844,3.9258077144622803
0,23,41,Q,10623,3.7901246547698975
0,23,41,Q,11245,3.5326061248779297
0,23,41,Q,2512,3.3898961544036865
0,23,41,Q,4908,3.2446601390838623
0,23,41,Q,4637,2.956277370452881
0,23,41,Q,660,2.8917911052703857
0,23,41,Q,10990,2.8659839630126953
0,23,41,Q,12676,2.468473196029663
0,23,41,Q,16101,2.4285128116607666
0,23,41,Q,10393,2.3454182147979736
0,23,41,Q,3367,2.2755541801452637
0,23,41,Q,13630,2.185394048690796
0,23,41,Q,10909,2.174184799194336
0,23,41,Q,8122,2.1270053386688232
0,23,41,Q,7889,2.1186468601226807
0,23,41,Q,1251,2.09143328666687
0,23,41,Q,8075,2.0104215145111084
0,23,41,Q,3473,1.9295021295547485
0,23,41,Q,1749,1.90608811378479
0,23,41,Q,14728,1.8405706882476807
0,23,41,Q,5884,1.6817827224731445
0,23,41,Q,3459,1.6231422424316406
0,23,41,Q,293,1.4795897006988525
0,23,41,Q,173,1.4466865062713623
0,23,41,Q,9993,1.335206151008606
0,23,41,Q,718,1.333597183227539
0,23,41,Q,8319,1.3127658367156982
0,23,41,Q,1201,1.3037611246109009
0,23,41,Q,1087,1.2978756427764893
0,23,41,Q,3565,1.2918574810028076
0,23,41,Q,6403,1.2883321046829224
0,23,41,Q,1823,1.2819554805755615
0,23,41,Q,113,1.2490867376327515
0,23,41,Q,15594,1.190464735031128
0,23,41,Q,13034,1.1778385639190674
0,23,41,Q,11827,1.1431407928466797
0,23,41,Q,2381,1.114961862564087
0,23,41,Q,928,1.0120741128921509
0,23,41,Q,9767,0.986834704875946
0,23,41,Q,3354,0.976091742515564
0,23,41,Q,10498,0.9646956920623779
0,23,41,Q,1085,0.9462641477584839
0,23,41,Q,8053,0.9422855377197266
0,23,41,Q,918,0.9388235807418823
0,23,41,Q,224,0.9244704842567444
0,23,41,Q,2435,0.9098700881004333
0,23,41,Q,6130,0.9053113460540771
0,23,41,Q,8034,0.8957090377807617
0,23,41,Q,2318,0.8860396146774292
0,23,41,Q,8721,0.8754011392593384
0,23,41,Q,2451,0.8597957491874695
0,23,41,Q,6650,0.8535652756690979
0,23,41,Q,15619,0.8385906219482422
0,23,41,Q,261,0.8375542163848877
0,23,42,R,12880,11.503728866577148
0,23,42,R,9211,9.440977096557617
0,23,42,R,8836,7.7594218254089355
0,23,42,R,15182,6.316319942474365
0,23,42,R,5562,6.175809383392334
0,23,42,R,386,5.882261276245117
0,23,42,R,13844,5.808976173400879
0,23,42,R,2578,4.235498428344727
0,23,42,R,6760,4.226573467254639
0,23,42,R,7510,3.9348363876342773
0,23,42,R,2512,3.8545217514038086
0,23,42,R,1251,3.568796157836914
0,23,42,R,6851,3.400315046310425
0,23,42,R,4908,3.2567970752716064
0,23,42,R,4637,3.160456657409668
0,23,42,R,8075,2.7179880142211914
0,23,42,R,13630,2.6114752292633057
0,23,42,R,12676,2.30893611907959
0,23,42,R,13895,1.952394723892212
0,23,42,R,15082,1.8296871185302734
0,23,42,R,3473,1.6752678155899048
0,23,42,R,1201,1.63141930103302
0,23,42,R,7889,1.5330443382263184
0,23,42,R,2381,1.5272910594940186
0,23,42,R,5937,1.5063434839248657
0,23,42,R,10909,1.5046993494033813
0,23,42,R,6403,1.4350742101669312
0,23,42,R,11355,1.4191949367523193
0,23,42,R,718,1.3282877206802368
0,23,42,R,4391,1.2495001554489136
0,23,42,R,13323,1.2040414810180664
0,23,42,R,11245,1.198945164680481
0,23,42,R,9993,1.196286916732788
0,23,42,R,3398,1.139691948890686
0,23,42,R,2435,1.1181495189666748
0,23,42,R,14321,1.0094428062438965
0,23,42,R,15594,1.0026949644088745
0,23,42,R,11827,0.9888968467712402
0,23,42,R,10752,0.9536152482032776
0,23,42,R,13034,0.9535115361213684
0,23,42,R,2318,0.9356367588043213
0,23,42,R,7322,0.9209607839584351
0,23,42,R,11213,0.9182731509208679
0,23,42,R,928,0.9075453877449036
0,23,42,R,4596,0.8937918543815613
0,23,42,R,8053,0.8923244476318359
0,23,42,R,3280,0.8727555871009827
0,23,42,R,3193,0.8687046766281128
0,23,42,R,7196,0.8596266508102417
0,23,42,R,6130,0.857649028301239
0,23,42,R,10753,0.8470431566238403
0,23,42,R,10998,0.8131130933761597
0,23,42,R,2269,0.7784950137138367
0,23,42,R,9250,0.773491621017456
0,23,42,R,10871,0.755954921245575
0,23,42,R,8034,0.7476268410682678
0,23,42,R,814,0.7462904453277588
0,23,42,R,8317,0.7295836210250854
0,23,42,R,16176,0.729578971862793
0,23,42,R,1493,0.7275729179382324
0,23,42,R,7793,0.7219329476356506
0,23,42,R,14779,0.7114390134811401
0,23,42,R,2726,0.7008835673332214
0,23,42,R,14386,0.7005150318145752
0,23,43,L,12880,9.835550308227539
0,23,43,L,13844,6.252175807952881
0,23,43,L,386,5.970420837402344
0,23,43,L,5562,5.858698844909668
0,23,43,L,9211,5.722137451171875
0,23,43,L,15182,5.611427307128906
0,23,43,L,2512,5.091482639312744
0,23,43,L,6760,4.924050331115723
0,23,43,L,6524,4.668944835662842
0,23,43,L,8836,4.637391567230225
0,23,43,L,8787,4.528098106384277
0,23,43,L,4908,3.8023648262023926
0,23,43,L,7510,3.7684848308563232
0,23,43,L,1156,2.961980104446411
0,23,43,L,7483,2.950176477432251
0,23,43,L,660,2.0755293369293213
0,23,43,L,2435,2.0745859146118164
0,23,43,L,13549,2.073946714401245
0,23,43,L,9993,2.0439231395721436
0,23,43,L,1201,1.9590353965759277
0,23,43,L,13630,1.880033254623413
0,23,43,L,1749,1.8639161586761475
0,23,43,L,3473,1.8449050188064575
0,23,43,L,7889,1.8334438800811768
0,23,43,L,3487,1.8140945434570312
0,23,43,L,6403,1.735347032546997
0,23,43,L,2381,1.651521921157837
0,23,43,L,928,1.6284207105636597
0,23,43,L,9748,1.6052186489105225
0,23,43,L,13895,1.5002200603485107
0,23,43,L,5666,1.4184625148773193
0,23,43,L,15246,1.393543004989624
0,23,43,L,2269,1.3829494714736938
0,23,43,L,12676,1.3763943910598755
0,23,43,L,7072,1.3193055391311646
0,23,43,L,2678,1.277939796447754
0,23,43,L,8075,1.2345844507217407
0,23,43,L,10820,1.2302875518798828
0,23,43,L,13058,1.2188082933425903
0,23,43,L,2786,1.2090409994125366
0,23,43,L,7241,1.1932024955749512
0,23,43,L,13034,1.1221421957015991
0,23,43,L,14013,1.0870234966278076
0,23,43,L,9945,1.072287917137146
0,23,43,L,918,1.0688356161117554
0,23,43,L,3280,1.0418329238891602
0,23,43,L,6606,1.0273809432983398
0,23,43,L,14551,1.025538682937622
0,23,43,L,15939,1.0011028051376343
0,23,43,L,11245,0.9708787202835083
0,23,43,L,13866,0.9536758065223694
0,23,43,L,1251,0.9441396594047546
0,23,43,L,7585,0.9262233972549438
0,23,43,L,10909,0.9207763075828552
0,23,43,L,13103,0.9183562397956848
0,23,43,L,686,0.9131693243980408
0,23,43,L,13635,0.9041029214859009
0,23,43,L,41,0.8917394876480103
0,23,43,L,7602,0.8892186284065247
0,23,43,L,6650,0.8880747556686401
0,23,43,L,1085,0.8721544742584229
0,23,43,L,14682,0.8549906611442566
0,23,43,L,8317,0.8459867835044861
0,23,43,L,15887,0.844576895236969
0,23,44,I,12880,12.653793334960938
0,23,44,I,9211,8.013508796691895
0,23,44,I,8836,7.293369293212891
0,23,44,I,13844,6.587427616119385
0,23,44,I,15182,6.403429985046387
0,23,44,I,386,6.36156702041626
0,23,44,I,5562,5.991050720214844
0,23,44,I,6760,5.615407943725586
0,23,44,I,2512,5.420863628387451
0,23,44,I,7510,4.088162422180176
0,23,44,I,2945,4.083281993865967
0,23,44,I,4908,3.9550390243530273
0,23,44,I,1251,3.1890366077423096
0,23,44,I,13549,2.738410711288452
0,23,44,I,13630,2.6566693782806396
0,23,44,I,6403,2.1389970779418945
0,23,44,I,14103,2.064354181289673
0,23,44,I,12676,1.9678149223327637
0,23,44,I,13895,1.935193419456482
0,23,44,I,2269,1.815244197845459
0,23,44,I,3473,1.7854816913604736
0,23,44,I,14254,1.7507805824279785
0,23,44,I,14272,1.6816303730010986
0,23,44,I,9993,1.5274899005889893
0,23,44,I,10909,1.3571078777313232
0,23,44,I,2381,1.2959145307540894
0,23,44,I,928,1.2938789129257202
0,23,44,I,7072,1.2840046882629395
0,23,44,I,1338,1.2582353353500366
0,23,44,I,9250,1.2231485843658447
0,23,44,I,14779,1.210013747215271
0,23,44,I,5679,1.2070438861846924
0,23,44,I,751,1.2028700113296509
0,23,44,I,2171,1.1619384288787842
0,23,44,I,7550,1.0706086158752441
0,23,44,I,5034,1.0297253131866455
0,23,44,I,9767,0.9834681153297424
0,23,44,I,3764,0.9686108231544495
0,23,44,I,8317,0.9421886801719666
0,23,44,I,15594,0.9335885643959045
0,23,44,I,1201,0.9044329524040222
0,23,44,I,2031,0.9012866616249084
0,23,44,I,8319,0.8427885174751282
0,23,44,I,2785,0.8178025484085083
0,23,44,I,8949,0.8144225478172302
0,23,44,I,5713,0.8066886067390442
0,23,44,I,10320,0.7960241436958313
0,23,44,I,569,0.7905210852622986
0,23,44,I,9677,0.7840300798416138
0,23,44,I,11465,0.7719310522079468
0,23,44,I,12780,0.768941342830658
0,23,44,I,5272,0.7665690183639526
0,23,44,I,807,0.7531347274780273
0,23,44,I,13034,0.7503051161766052
0,23,44,I,3697,0.7401002645492554
0,23,44,I,12328,0.739012598991394
0,23,44,I,12533,0.7378688454627991
0,23,44,I,902,0.7297388315200806
0,23,44,I,9116,0.7249958515167236
0,23,44,I,6501,0.7128245234489441
0,23,44,I,4639,0.709489107131958
0,23,44,I,8787,0.7091288566589355
0,23,44,I,9628,0.6775253415107727
0,23,44,I,5489,0.6708368062973022
0,23,45,F,12880,12.199905395507812
0,23,45,F,9211,8.025860786437988
0,23,45,F,8836,6.582799434661865
0,23,45,F,13844,6.530178546905518
0,23,45,F,386,6.32191801071167
0,23,45,F,5562,5.8363566398620605
0,23,45,F,6760,5.54769229888916
0,23,45,F,3286,4.901404857635498
0,23,45,F,15182,4.572751522064209
0,23,45,F,2512,4.5609917640686035
0,23,45,F,7510,4.002466201782227
0,23,45,F,4908,3.746619701385498
0,23,45,F,6893,3.2133872509002686
0,23,45,F,1251,3.178940773010254
0,23,45,F,656,2.679901123046875
0,23,45,F,6403,2.3526744842529297
0,23,45,F,13630,2.1033663749694824
0,23,45,F,3665,1.9808107614517212
0,23,45,F,12471,1.9523427486419678
0,23,45,F,3473,1.9345777034759521
0,23,45,F,6501,1.9221689701080322
0,23,45,F,548,1.912636399269104
0,23,45,F,9993,1.5968327522277832
0,23,45,F,751,1.5102248191833496
0,23,45,F,10222,1.5089876651763916
0,23,45,F,10320,1.4974052906036377
0,23,45,F,7072,1.4770687818527222
0,23,45,F,5679,1.4504224061965942
0,23,45,F,9767,1.4402050971984863
0,23,45,F,176,1.435156226158142
0,23,45,F,12676,1.3623050451278687
0,23,45,F,3764,1.3433040380477905
0,23,45,F,10909,1.269723892211914
0,23,45,F,13895,1.2574905157089233
0,23,45,F,15939,1.2274755239486694
0,23,45,F,11437,1.2109559774398804
0,23,45,F,16079,1.2051783800125122
0,23,45,F,1235,1.202945590019226
0,23,45,F,3236,1.196553349494934
0,23,45,F,2786,1.141756534576416
0,23,45,F,569,1.0602169036865234
0,23,45,F,2031,1.048743724822998
0,23,45,F,5300,1.0457653999328613
0,23,45,F,16051,1.0334726572036743
0,23,45,F,1338,0.978096604347229
0,23,45,F,11138,0.9779886603355408
0,23,45,F,10152,0.9682022333145142
0,23,45,F,13323,0.9543914198875427
0,23,45,F,9250,0.9516028165817261
0,23,45,F,8317,0.9368230104446411
0,23,45,F,15509,0.9233214259147644
0,23,45,F,12067,0.922128438949585
0,23,45,F,12517,0.908318042755127
0,23,45,F,11801,0.9030582904815674
0,23,45,F,4335,0.8676677942276001
0,23,45,F,6464,0.8586054444313049
0,23,45,F,10753,0.8444514870643616
0,23,45,F,6435,0.834846019744873
0,23,45,F,1153,0.8305679559707642
0,23,45,F,2500,0.8282248377799988
0,23,45,F,5552,0.8274518847465515
0,23,45,F,2390,0.827414870262146
0,23,45,F,104,0.8163208365440369
0,23,45,F,14021,0.8049119710922241
0,23,46,A,12880,11.604693412780762
0,23,46,A,9211,9.727859497070312
0,23,46,A,8836,8.720983505249023
0,23,46,A,13844,7.50162935256958
0,23,46,A,386,6.321108818054199
0,23,46,A,5562,5.796466827392578
0,23,46,A,6760,5.690141677856445
0,23,46,A,15182,5.362953186035156
0,23,46,A,2512,4.856351375579834
0,23,46,A,1251,4.473228454589844
0,23,46,A,2550,3.720705032348633
0,23,46,A,15509,3.665522813796997
0,23,46,A,4908,3.2830796241760254
0,23,46,A,7510,3.0447275638580322
0,23,46,A,6501,2.445124864578247
0,23,46,A,6403,2.2037007808685303
0,23,46,A,13630,2.068178415298462
0,23,46,A,12676,2.061790704727173
0,23,46,A,3665,1.9528158903121948
0,23,46,A,12457,1.8324804306030273
0,23,46,A,9835,1.7834314107894897
0,23,46,A,13895,1.7275662422180176
0,23,46,A,9993,1.5784622430801392
0,23,46,A,3473,1.5681298971176147
0,23,46,A,12471,1.446411371231079
0,23,46,A,751,1.3588627576828003
0,23,46,A,9767,1.2601419687271118
0,23,46,A,9677,1.2452346086502075
0,23,46,A,656,1.2437041997909546
0,23,46,A,6464,1.099952220916748
0,23,46,A,14694,1.081462025642395
0,23,46,A,1338,1.053071141242981
0,23,46,A,13323,1.0033788681030273
0,23,46,A,7072,0.9435120820999146
0,23,46,A,9250,0.9247921109199524
0,23,46,A,2031,0.88826584815979
0,23,46,A,12397,0.8789863586425781
0,23,46,A,169,0.8775468468666077
0,23,46,A,928,0.8765281438827515
0,23,46,A,12067,0.8754783272743225
0,23,46,A,4053,0.8543379306793213
0,23,46,A,10909,0.8497071266174316
0,23,46,A,15594,0.8375343084335327
0,23,46,A,4654,0.8372107148170471
0,23,46,A,4077,0.8359654545783997
0,23,46,A,11018,0.8252110481262207
0,23,46,A,5402,0.8201231360435486
0,23,46,A,9494,0.8188543319702148
0,23,46,A,2435,0.8002343773841858
0,23,46,A,569,0.7854742407798767
0,23,46,A,7833,0.773776650428772
0,23,46,A,814,0.7437759041786194
0,23,46,A,5893,0.7428078651428223
0,23,46,A,14949,0.7389124631881714
0,23,46,A,96,0.7376883625984192
0,23,46,A,807,0.7365053296089172
0,23,46,A,13406,0.7062527537345886
0,23,46,A,11138,0.6936693787574768
0,23,46,A,8192,0.6929396390914917
0,23,46,A,104,0.6929168105125427
0,23,46,A,6130,0.6487652659416199
0,23,46,A,8648,0.6459655165672302
0,23,46,A,7410,0.6301966309547424
0,23,46,A,5679,0.628728985786438
0,23,47,G,12471,10.600920677185059
0,23,47,G,12880,9.261470794677734
0,23,47,G,16125,8.190872192382812
0,23,47,G,9211,8.014962196350098
0,23,47,G,8836,6.334859848022461
0,23,47,G,5562,5.748138904571533
0,23,47,G,10017,5.665643215179443
0,23,47,G,386,5.530210971832275
0,23,47,G,13844,4.829823970794678
0,23,47,G,3844,4.447054386138916
0,23,47,G,2512,4.179579257965088
0,23,47,G,1251,3.964956045150757
0,23,47,G,15182,3.957883358001709
0,23,47,G,15624,3.3491923809051514
0,23,47,G,12193,3.130044937133789
0,23,47,G,6760,3.067875862121582
0,23,47,G,10683,2.6686789989471436
0,23,47,G,9507,2.2905280590057373
0,23,47,G,13630,1.913485050201416
0,23,47,G,4908,1.891153335571289
0,23,47,G,4077,1.8722525835037231
0,23,47,G,4476,1.6795884370803833
0,23,47,G,7510,1.4553426504135132
0,23,47,G,4754,1.2714226245880127
0,23,47,G,9677,1.2532705068588257
0,23,47,G,751,1.224714994430542
0,23,47,G,6403,1.151855230331421
0,23,47,G,814,1.122382640838623
0,23,47,G,9993,1.116136074066162
0,23,47,G,169,1.115702748298645
0,23,47,G,7072,1.0836150646209717
0,23,47,G,12676,1.0835844278335571
0,23,47,G,13406,1.0002994537353516
0,23,47,G,3473,0.9829344749450684
0,23,47,G,12533,0.9619259238243103
0,23,47,G,1338,0.9575127363204956
0,23,47,G,3665,0.9359714388847351
0,23,47,G,11303,0.9259676933288574
0,23,47,G,7306,0.8817922472953796
0,23,47,G,2919,0.8497369289398193
0,23,47,G,9304,0.8112595081329346
0,23,47,G,14539,0.8088525533676147
0,23,47,G,15939,0.7976392507553101
0,23,47,G,13323,0.7949436902999878
0,23,47,G,11138,0.7857625484466553
0,23,47,G,3764,0.7695827484130859
0,23,47,G,12994,0.7588350772857666
0,23,47,G,13737,0.7546481490135193
0,23,47,G,6249,0.750227689743042
0,23,47,G,14779,0.7460108399391174
0,23,47,G,13895,0.7414883375167847
0,23,47,G,14871,0.7325785756111145
0,23,47,G,15286,0.7131682634353638
0,23,47,G,14007,0.7124132513999939
0,23,47,G,13902,0.6773350834846497
0,23,47,G,4232,0.6609379053115845
0,23,47,G,11465,0.6556862592697144
0,23,47,G,9250,0.6486468315124512
0,23,47,G,3344,0.6318321824073792
0,23,47,G,16342,0.6112489104270935
0,23,47,G,11018,0.6060456037521362
0,23,47,G,5905,0.6054412722587585
0,23,47,G,6172,0.5954606533050537
0,23,47,G,8793,0.5909984111785889
0,23,48,K,12880,12.833824157714844
0,23,48,K,9211,10.05549144744873
0,23,48,K,8836,9.816122055053711
0,23,48,K,5562,6.672172546386719
0,23,48,K,13844,6.5271406173706055
0,23,48,K,15182,6.275839805603027
0,23,48,K,386,5.981721878051758
0,23,48,K,2512,5.847180366516113
0,23,48,K,1251,5.537295818328857
0,23,48,K,6760,4.062103271484375
0,23,48,K,340,3.4273993968963623
0,23,48,K,13630,2.552788734436035
0,23,48,K,4077,1.980279803276062
0,23,48,K,7510,1.8556190729141235
0,23,48,K,4908,1.7888041734695435
0,23,48,K,9993,1.7099679708480835
0,23,48,K,751,1.705747365951538
0,23,48,K,6403,1.541329026222229
0,23,48,K,5713,1.462274432182312
0,23,48,K,12676,1.397421956062317
0,23,48,K,8315,1.3002631664276123
0,23,48,K,9463,1.253517746925354
0,23,48,K,9677,1.239516258239746
0,23,48,K,7072,1.2042622566223145
0,23,48,K,13895,1.167723536491394
0,23,48,K,2435,1.116244912147522
0,23,48,K,8729,1.0920575857162476
0,23,48,K,4566,1.0903266668319702
0,23,48,K,13406,1.0854612588882446
0,23,48,K,4391,1.040876865386963
0,23,48,K,3473,1.0107948780059814
0,23,48,K,1338,1.0040525197982788
0,23,48,K,6130,0.9952859878540039
0,23,48,K,1114,0.9440920948982239
0,23,48,K,8949,0.923712432384491
0,23,48,K,9250,0.8565700054168701
0,23,48,K,15939,0.7968299984931946
0,23,48,K,13268,0.7915278673171997
0,23,48,K,718,0.7885122895240784
0,23,48,K,9767,0.7868662476539612
0,23,48,K,12471,0.777112603187561
0,23,48,K,2031,0.7727384567260742
0,23,48,K,843,0.7524863481521606
0,23,48,K,4232,0.7441384792327881
0,23,48,K,6099,0.7241955995559692
0,23,48,K,10235,0.7219616770744324
0,23,48,K,814,0.7178725600242615
0,23,48,K,7593,0.7025402784347534
0,23,48,K,8846,0.7021782398223877
0,23,48,K,13323,0.6973972916603088
0,23,48,K,10152,0.6950299739837646
0,23,48,K,3611,0.6870241761207581
0,23,48,K,2640,0.6724588871002197
0,23,48,K,11351,0.664591908454895
0,23,48,K,8317,0.6604043841362
0,23,48,K,11294,0.6547849774360657
0,23,48,K,8103,0.6521035432815552
0,23,48,K,14779,0.6382058262825012
0,23,48,K,7889,0.6293246150016785
0,23,48,K,134,0.6269192099571228
0,23,48,K,13058,0.6252948641777039
0,23,48,K,9859,0.6186920404434204
0,23,48,K,14406,0.6121035218238831
0,23,48,K,4754,0.6100177764892578
0,23,49,Q,12880,12.811985969543457
0,23,49,Q,9211,8.657129287719727
0,23,49,Q,8836,8.50803279876709
0,23,49,Q,13844,6.853270530700684
0,23,49,Q,15182,6.443459510803223
0,23,49,Q,5562,6.3916707038879395
0,23,49,Q,2512,6.070476055145264
0,23,49,Q,386,5.97296142578125
0,23,49,Q,6760,5.056990623474121
0,23,49,Q,1633,4.752639293670654
0,23,49,Q,1251,4.155924320220947
0,23,49,Q,2318,3.983666181564331
0,23,49,Q,14928,3.255474090576172
0,23,49,Q,367,2.8288896083831787
0,23,49,Q,13630,2.1326558589935303
0,23,49,Q,2640,1.9732354879379272
0,23,49,Q,9993,1.7557896375656128
0,23,49,Q,8315,1.6093742847442627
0,23,49,Q,751,1.4994343519210815
0,23,49,Q,9677,1.462544322013855
0,23,49,Q,10626,1.368357539176941
0,23,49,Q,12676,1.3413797616958618
0,23,49,Q,6099,1.2915436029434204
0,23,49,Q,7593,1.2903062105178833
0,23,49,Q,5713,1.2098639011383057
0,23,49,Q,8729,1.172882318496704
0,23,49,Q,4077,1.1723862886428833
0,23,49,Q,4530,1.1381038427352905
0,23,49,Q,7889,1.104728102684021
0,23,49,Q,8103,1.0989443063735962
0,23,49,Q,653,1.0909512042999268
0,23,49,Q,4908,1.0467935800552368
0,23,49,Q,15360,1.0146021842956543
0,23,49,Q,7510,1.0120295286178589
0,23,49,Q,15939,1.008602261543274
0,23,49,Q,13870,1.0085645914077759
0,23,49,Q,13323,0.9485441446304321
0,23,49,Q,12994,0.9251241683959961
0,23,49,Q,4276,0.9245911836624146
0,23,49,Q,1338,0.9117892384529114
0,23,49,Q,10235,0.9022537469863892
0,23,49,Q,14779,0.8896325826644897
0,23,49,Q,5300,0.8650825619697571
0,23,49,Q,4232,0.8596042990684509
0,23,49,Q,134,0.8568232655525208
0,23,49,Q,13895,0.8520206212997437
0,23,49,Q,5540,0.8468645215034485
0,23,49,Q,814,0.8427152633666992
0,23,49,Q,6403,0.8413124680519104
0,23,49,Q,9772,0.8388381004333496
0,23,49,Q,12750,0.8168565034866333
0,23,49,Q,5452,0.7964758276939392
0,23,49,Q,11294,0.7899336218833923
0,23,49,Q,4378,0.7744629979133606
0,23,49,Q,7487,0.7609554529190063
0,23,49,Q,10033,0.7564250230789185
0,23,49,Q,1114,0.7416535019874573
0,23,49,Q,3749,0.7217415571212769
0,23,49,Q,12713,0.7037801742553711
0,23,49,Q,4101,0.7001830339431763
0,23,49,Q,8453,0.6881022453308105
0,23,49,Q,3483,0.6867233514785767
0,23,49,Q,9476,0.6761561036109924
0,23,49,Q,7263,0.6665774583816528
0,23,50,L,12880,13.530620574951172
0,23,50,L,8836,8.310369491577148
0,23,50,L,9211,7.841679573059082
0,23,50,L,13844,7.550014495849609
0,23,50,L,15182,6.397145748138428
0,23,50,L,2512,6.363648414611816
0,23,50,L,386,6.337488174438477
0,23,50,L,6760,5.951704502105713
0,23,50,L,5562,5.818297386169434
0,23,50,L,6524,4.3107686042785645
0,23,50,L,7593,2.1613919734954834
0,23,50,L,1251,1.9386240243911743
0,23,50,L,751,1.7771693468093872
0,23,50,L,10626,1.7432193756103516
0,23,50,L,13630,1.7304661273956299
0,23,50,L,8315,1.6047465801239014
0,23,50,L,9993,1.4652936458587646
0,23,50,L,6782,1.450738549232483
0,23,50,L,5713,1.3960082530975342
0,23,50,L,11294,1.2328457832336426
0,23,50,L,9677,1.2194609642028809
0,23,50,L,6099,1.193609356880188
0,23,50,L,2916,1.1626263856887817
0,23,50,L,6012,1.1619548797607422
0,23,50,L,8103,1.155289649963379
0,23,50,L,16101,1.1445386409759521
0,23,50,L,1338,1.1260801553726196
0,23,50,L,8817,1.0971928834915161
0,23,50,L,15571,1.079513430595398
0,23,50,L,3697,0.9947550296783447
0,23,50,L,5300,0.9814709424972534
0,23,50,L,7933,0.9288143515586853
0,23,50,L,14103,0.9181551337242126
0,23,50,L,15360,0.9134777188301086
0,23,50,L,9793,0.9084855318069458
0,23,50,L,653,0.8876004815101624
0,23,50,L,13870,0.8539712429046631
0,23,50,L,6555,0.8379035592079163
0,23,50,L,7072,0.8141917586326599
0,23,50,L,12067,0.7999204397201538
0,23,50,L,3644,0.7762166857719421
0,23,50,L,12994,0.7619351148605347
0,23,50,L,660,0.7376194000244141
0,23,50,L,200,0.7254183292388916
0,23,50,L,10235,0.7093455195426941
0,23,50,L,1160,0.6978084444999695
0,23,50,L,1114,0.6966853737831116
0,23,50,L,3306,0.6957667469978333
0,23,50,L,14001,0.6885611414909363
0,23,50,L,2315,0.6871254444122314
0,23,50,L,6587,0.685627818107605
0,23,50,L,12682,0.6800237894058228
0,23,50,L,14671,0.6446585059165955
0,23,50,L,10659,0.6379410624504089
0,23,50,L,15939,0.6294594407081604
0,23,50,L,10968,0.6273723244667053
0,23,50,L,8729,0.6181932687759399
0,23,50,L,5540,0.6174828410148621
0,23,50,L,5351,0.6140131950378418
0,23,50,L,9772,0.6057327389717102
0,23,50,L,15261,0.5997809171676636
0,23,50,L,13908,0.5967772006988525
0,23,50,L,6109,0.5963603258132935
0,23,50,L,814,0.5901968479156494
0,23,51,E,12880,13.294410705566406
0,23,51,E,8836,10.071362495422363
0,23,51,E,9211,9.367766380310059
0,23,51,E,13844,7.649705410003662
0,23,51,E,5562,5.949090957641602
0,23,51,E,386,5.800246238708496
0,23,51,E,2512,5.675666809082031
0,23,51,E,15182,5.342087745666504
0,23,51,E,6760,5.058545112609863
0,23,51,E,1251,4.211532115936279
0,23,51,E,5675,3.285310983657837
0,23,51,E,9993,2.0240864753723145
0,23,51,E,3683,1.8422585725784302
0,23,51,E,751,1.8009967803955078
0,23,51,E,8468,1.7432788610458374
0,23,51,E,13630,1.5974501371383667
0,23,51,E,8315,1.529065489768982
0,23,51,E,2654,1.5123023986816406
0,23,51,E,15571,1.4657033681869507
0,23,51,E,1114,1.4227509498596191
0,23,51,E,11294,1.3837947845458984
0,23,51,E,9793,1.348515510559082
0,23,51,E,9677,1.1921510696411133
0,23,51,E,1338,1.1381375789642334
0,23,51,E,7593,1.1255803108215332
0,23,51,E,8817,1.1247639656066895
0,23,51,E,173,1.124368667602539
0,23,51,E,12676,1.1208010911941528
0,23,51,E,6012,1.102771282196045
0,23,51,E,13243,1.0888493061065674
0,23,51,E,653,1.0712929964065552
0,23,51,E,10235,1.056821584701538
0,23,51,E,12656,1.0166047811508179
0,23,51,E,3697,1.0151201486587524
0,23,51,E,7817,1.0138013362884521
0,23,51,E,10626,1.0047430992126465
0,23,51,E,14254,0.9798780679702759
0,23,51,E,389,0.9789717793464661
0,23,51,E,200,0.9778329133987427
0,23,51,E,4654,0.9548538327217102
0,23,51,E,10409,0.9103075861930847
0,23,51,E,11351,0.8994226455688477
0,23,51,E,9076,0.8913270235061646
0,23,51,E,13641,0.8859389424324036
0,23,51,E,7072,0.8738020658493042
0,23,51,E,15594,0.8516886830329895
0,23,51,E,8715,0.8263260722160339
0,23,51,E,4276,0.8045686483383179
0,23,51,E,7809,0.7973374724388123
0,23,51,E,11574,0.7877122759819031
0,23,51,E,11138,0.7703337669372559
0,23,51,E,8103,0.7455804944038391
0,23,51,E,12004,0.7320654988288879
0,23,51,E,10101,0.7202727198600769
0,23,51,E,13832,0.7189573049545288
0,23,51,E,10940,0.7165124416351318
0,23,51,E,5300,0.7150369882583618
0,23,51,E,15939,0.7118341326713562
0,23,51,E,10457,0.7038474678993225
0,23,51,E,5293,0.6995890736579895
0,23,51,E,4101,0.6917780041694641
0,23,51,E,11760,0.6884119510650635
0,23,51,E,134,0.6877592206001282
0,23,51,E,5529,0.6770039796829224
0,23,52,D,12880,11.797687530517578
0,23,52,D,8836,10.629142761230469
0,23,52,D,9211,9.162294387817383
0,23,52,D,13844,7.668900489807129
0,23,52,D,386,6.661670684814453
0,23,52,D,5562,6.150703430175781
0,23,52,D,15182,5.291861534118652
0,23,52,D,2512,4.774119853973389
0,23,52,D,6760,4.646389961242676
0,23,52,D,1251,4.155582427978516
0,23,52,D,1204,4.106255531311035
0,23,52,D,656,2.8378593921661377
0,23,52,D,16261,1.9291173219680786
0,23,52,D,9993,1.8930323123931885
0,23,52,D,751,1.8543859720230103
0,23,52,D,11294,1.569229006767273
0,23,52,D,9835,1.5686609745025635
0,23,52,D,10409,1.5589203834533691
0,23,52,D,12859,1.5500956773757935
0,23,52,D,1114,1.5350630283355713
0,23,52,D,2906,1.5125361680984497
0,23,52,D,10925,1.313808798789978
0,23,52,D,13630,1.3085919618606567
0,23,52,D,8315,1.2822030782699585
0,23,52,D,200,1.2687102556228638
0,23,52,D,11351,1.234623908996582
0,23,52,D,13857,1.2045297622680664
0,23,52,D,9677,1.0636770725250244
0,23,52,D,13297,1.0557878017425537
0,23,52,D,14011,1.0509825944900513
0,23,52,D,3697,1.0467422008514404
0,23,52,D,6435,1.022012710571289
0,23,52,D,9076,0.9784420132637024
0,23,52,D,461,0.965930163860321
0,23,52,D,1110,0.9374136924743652
0,23,52,D,5523,0.9331867098808289
0,23,52,D,2922,0.9150622487068176
0,23,52,D,9793,0.9060803651809692
0,23,52,D,13095,0.8842674493789673
0,23,52,D,9304,0.8764496445655823
0,23,52,D,8053,0.8695492148399353
0,23,52,D,2654,0.858676552772522
0,23,52,D,1402,0.854806661605835
0,23,52,D,5293,0.8535974621772766
0,23,52,D,11590,0.8463453650474548
0,23,52,D,3317,0.8446653485298157
0,23,52,D,15594,0.8355515003204346
0,23,52,D,389,0.8203828930854797
0,23,52,D,653,0.8089824914932251
0,23,52,D,13746,0.8050364851951599
0,23,52,D,10235,0.7876325845718384
0,23,52,D,8191,0.7857374548912048
0,23,52,D,14847,0.7731625437736511
0,23,52,D,11769,0.743808388710022
0,23,52,D,134,0.7404645085334778
0,23,52,D,6846,0.7261289954185486
0,23,52,D,11903,0.7206145524978638
0,23,52,D,14949,0.7171894907951355
0,23,52,D,15360,0.7043939828872681
0,23,52,D,1996,0.6948090195655823
0,23,52,D,14323,0.6947452425956726
0,23,52,D,15465,0.6926671862602234
0,23,52,D,11138,0.6919503211975098
0,23,52,D,2601,0.6893124580383301
0,23,53,G,12880,11.868067741394043
0,23,53,G,8836,9.97447681427002
0,23,53,G,9211,8.343685150146484
0,23,53,G,13844,7.782756328582764
0,23,53,G,386,6.353638172149658
0,23,53,G,15182,6.23341703414917
0,23,53,G,5562,5.924177646636963
0,23,53,G,2512,5.023542404174805
0,23,53,G,1251,3.9676966667175293
0,23,53,G,6760,3.711129903793335
0,23,53,G,9507,3.4471828937530518
0,23,53,G,12859,2.6761016845703125
0,23,53,G,13857,2.049898386001587
0,23,53,G,2906,1.9787230491638184
0,23,53,G,751,1.9297738075256348
0,23,53,G,1114,1.886296272277832
0,23,53,G,9993,1.866072177886963
0,23,53,G,16261,1.766619324684143
0,23,53,G,14894,1.7396992444992065
0,23,53,G,11294,1.726432204246521
0,23,53,G,4476,1.6031924486160278
0,23,53,G,10409,1.5755265951156616
0,23,53,G,8191,1.5574021339416504
0,23,53,G,12676,1.5398691892623901
0,23,53,G,14011,1.4755085706710815
0,23,53,G,8949,1.44931161403656
0,23,53,G,10925,1.4173808097839355
0,23,53,G,718,1.4119316339492798
0,23,53,G,9992,1.3333898782730103
0,23,53,G,461,1.3250433206558228
0,23,53,G,928,1.2837917804718018
0,23,53,G,14240,1.2750153541564941
0,23,53,G,8315,1.2605477571487427
0,23,53,G,9304,1.2486190795898438
0,23,53,G,13406,1.2220872640609741
0,23,53,G,2435,1.1993860006332397
0,23,53,G,9076,1.1952688694000244
0,23,53,G,4391,1.1546542644500732
0,23,53,G,6435,1.1243270635604858
0,23,53,G,9677,1.0401241779327393
0,23,53,G,11903,1.0203053951263428
0,23,53,G,8103,1.0186798572540283
0,23,53,G,7833,1.001125454902649
0,23,53,G,995,0.9935569763183594
0,23,53,G,8783,0.9688616394996643
0,23,53,G,11590,0.9588433504104614
0,23,53,G,15172,0.9525209069252014
0,23,53,G,4754,0.9267613887786865
0,23,53,G,13630,0.9129414558410645
0,23,53,G,10941,0.9003085494041443
0,23,53,G,12994,0.8882468938827515
0,23,53,G,6130,0.8876293301582336
0,23,53,G,13746,0.8851778507232666
0,23,53,G,11351,0.8615980744361877
0,23,53,G,12682,0.8522852659225464
0,23,53,G,656,0.828795313835144
0,23,53,G,11801,0.8283416628837585
0,23,53,G,10387,0.8280695080757141
0,23,53,G,9105,0.8195684552192688
0,23,53,G,12115,0.8166491985321045
0,23,53,G,4995,0.8144347667694092
0,23,53,G,13062,0.8129739761352539
0,23,53,G,6864,0.8116405010223389
0,23,53,G,12471,0.810657262802124
0,23,54,R,12880,11.736788749694824
0,23,54,R,8836,9.320002555847168
0,23,54,R,9211,8.555191993713379
0,23,54,R,13844,6.768483638763428
0,23,54,R,15182,6.708669185638428
0,23,54,R,5562,6.192207336425781
0,23,54,R,2512,6.148457050323486
0,23,54,R,386,5.3646721839904785
0,23,54,R,6760,4.92681884765625
0,23,54,R,1251,4.7074103355407715
0,23,54,R,12859,3.2681641578674316
0,23,54,R,2578,3.193673849105835
0,23,54,R,718,3.1279568672180176
0,23,54,R,9993,2.2151901721954346
0,23,54,R,8949,2.1737892627716064
0,23,54,R,2435,2.0875356197357178
0,23,54,R,11294,1.9953912496566772
0,23,54,R,13857,1.9761842489242554
0,23,54,R,1114,1.7775001525878906
0,23,54,R,12676,1.691916823387146
0,23,54,R,8191,1.68063485622406
0,23,54,R,13406,1.569336175918579
0,23,54,R,8315,1.531133770942688
0,23,54,R,14894,1.4536651372909546
0,23,54,R,12656,1.451702356338501
0,23,54,R,751,1.4516191482543945
0,23,54,R,9992,1.4490529298782349
0,23,54,R,16261,1.4112013578414917
0,23,54,R,9463,1.3453696966171265
0,23,54,R,461,1.229993224143982
0,23,54,R,8103,1.2267355918884277
0,23,54,R,14240,1.1992706060409546
0,23,54,R,11259,1.163364291191101
0,23,54,R,15077,1.141474962234497
0,23,54,R,13630,1.1106288433074951
0,23,54,R,8055,1.018700122833252
0,23,54,R,14728,0.9944973587989807
0,23,54,R,2669,0.9913197159767151
0,23,54,R,2315,0.9912849068641663
0,23,54,R,5910,0.9305515885353088
0,23,54,R,5713,0.892185628414154
0,23,54,R,11903,0.888198971748352
0,23,54,R,169,0.8792474865913391
0,23,54,R,1533,0.8730963468551636
0,23,54,R,11893,0.8629680275917053
0,23,54,R,9304,0.8618535399436951
0,23,54,R,1160,0.8202223777770996
0,23,54,R,10925,0.8035827279090881
0,23,54,R,3306,0.7967788577079773
0,23,54,R,15141,0.7898547649383545
0,23,54,R,4391,0.7858673334121704
0,23,54,R,13576,0.7800958156585693
0,23,54,R,4995,0.7775214314460754
0,23,54,R,6130,0.7521455883979797
0,23,54,R,1338,0.7498201131820679
0,23,54,R,15939,0.7459695935249329
0,23,54,R,10235,0.7439568042755127
0,23,54,R,5782,0.7374929189682007
0,23,54,R,12750,0.7031518816947937
0,23,54,R,13062,0.6830137372016907
0,23,54,R,8783,0.6827399134635925
0,23,54,R,3443,0.6821193695068359
0,23,54,R,844,0.6706159114837646
0,23,54,R,14021,0.6692914962768555
0,23,55,T,12880,9.761573791503906
0,23,55,T,8836,9.138082504272461
0,23,55,T,9211,7.596752166748047
0,23,55,T,14532,7.062911033630371
0,23,55,T,13844,6.932036876678467
0,23,55,T,6760,6.746960639953613
0,23,55,T,2512,5.60000467300415
0,23,55,T,5562,5.367173671722412
0,23,55,T,15182,5.272907257080078
0,23,55,T,1251,4.509617328643799
0,23,55,T,386,4.375904083251953
0,23,55,T,13576,4.134472370147705
0,23,55,T,1533,3.8581581115722656
0,23,55,T,13736,3.366027593612671
0,23,55,T,12682,2.6745893955230713
0,23,55,T,8191,2.4169182777404785
0,23,55,T,9993,1.7937301397323608
0,23,55,T,2435,1.6877446174621582
0,23,55,T,2318,1.6859855651855469
0,23,55,T,11259,1.6474571228027344
0,23,55,T,12676,1.5289446115493774
0,23,55,T,11294,1.5068528652191162
0,23,55,T,6851,1.4317114353179932
0,23,55,T,15939,1.4045969247817993
0,23,55,T,8315,1.2987098693847656
0,23,55,T,8949,1.2744206190109253
0,23,55,T,5305,1.2682236433029175
0,23,55,T,6710,1.2226096391677856
0,23,55,T,5038,1.2208399772644043
0,23,55,T,12633,1.16901433467865
0,23,55,T,1114,1.1642978191375732
0,23,55,T,1213,1.113203525543213
0,23,55,T,13630,1.1060422658920288
0,23,55,T,1802,1.0963647365570068
0,23,55,T,13857,1.073041319847107
0,23,55,T,7593,1.0609710216522217
0,23,55,T,98,1.04747474193573
0,23,55,T,11760,1.0215609073638916
0,23,55,T,5300,0.9546582102775574
0,23,55,T,14921,0.9496238231658936
0,23,55,T,14837,0.9264318943023682
0,23,55,T,13746,0.9214533567428589
0,23,55,T,461,0.9176005125045776
0,23,55,T,5320,0.8949880599975586
0,23,55,T,9321,0.8470350503921509
0,23,55,T,14059,0.8245890736579895
0,23,55,T,515,0.8119411468505859
0,23,55,T,12859,0.8085657954216003
0,23,55,T,8360,0.8014724254608154
0,23,55,T,16120,0.8008416295051575
0,23,55,T,9323,0.8001174330711365
0,23,55,T,1338,0.7996333837509155
0,23,55,T,6435,0.7920075058937073
0,23,55,T,14728,0.7874994874000549
0,23,55,T,6912,0.7851964235305786
0,23,55,T,11903,0.7765783071517944
0,23,55,T,684,0.7758978605270386
0,23,55,T,456,0.7704346179962158
0,23,55,T,15432,0.7624031901359558
0,23,55,T,2923,0.7613783478736877
0,23,55,T,13048,0.7606437802314758
0,23,55,T,14894,0.7599620223045349
0,23,55,T,12994,0.754224956035614
0,23,55,T,5259,0.7466293573379517
0,23,56,L,12880,8.928550720214844
0,23,56,L,13295,7.480034828186035
0,23,56,L,6760,7.26885986328125
0,23,56,L,9211,6.1138081550598145
0,23,56,L,5562,5.960862159729004
0,23,56,L,13844,5.825139045715332
0,23,56,L,8836,5.414302825927734
0,23,56,L,2512,5.022304058074951
0,23,56,L,13576,4.424044609069824
0,23,56,L,6524,4.075821399688721
0,23,56,L,15182,4.0189208984375
0,23,56,L,15353,3.961334228515625
0,23,56,L,8191,3.111145496368408
0,23,56,L,386,2.710038900375366
0,23,56,L,660,2.4904017448425293
0,23,56,L,7817,2.253657341003418
0,23,56,L,13799,2.125213146209717
0,23,56,L,14532,1.9859431982040405
0,23,56,L,98,1.9309390783309937
0,23,56,L,8605,1.8687376976013184
0,23,56,L,2784,1.839383602142334
0,23,56,L,1251,1.8368467092514038
0,23,56,L,104,1.8109066486358643
0,23,56,L,14921,1.6394768953323364
0,23,56,L,1802,1.5823358297348022
0,23,56,L,13630,1.5581647157669067
0,23,56,L,14333,1.4762462377548218
0,23,56,L,6012,1.455557107925415
0,23,56,L,12779,1.3663604259490967
0,23,56,L,8257,1.3662360906600952
0,23,56,L,2923,1.3430317640304565
0,23,56,L,7306,1.2946053743362427
0,23,56,L,8995,1.2680368423461914
0,23,56,L,9993,1.2614670991897583
0,23,56,L,2580,1.2550699710845947
0,23,56,L,11903,1.250784158706665
0,23,56,L,11760,1.236667275428772
0,23,56,L,456,1.1802878379821777
0,23,56,L,11577,1.1709924936294556
0,23,56,L,11068,1.1529403924942017
0,23,56,L,16052,1.1390913724899292
0,23,56,L,2236,1.1354624032974243
0,23,56,L,12994,1.1350219249725342
0,23,56,L,5300,1.128675103187561
0,23,56,L,5259,1.1269773244857788
0,23,56,L,4687,1.1076956987380981
0,23,56,L,11259,1.10527765750885
0,23,56,L,2605,1.0864992141723633
0,23,56,L,11757,1.0824388265609741
0,23,56,L,13135,1.0713714361190796
0,23,56,L,14305,1.0697599649429321
0,23,56,L,13623,1.0569722652435303
0,23,56,L,9076,1.048849105834961
0,23,56,L,11956,1.0432747602462769
0,23,56,L,14167,1.0421243906021118
0,23,56,L,14312,1.0271457433700562
0,23,56,L,7752,1.0239245891571045
0,23,56,L,6906,1.0230956077575684
0,23,56,L,15939,1.017168402671814
0,23,56,L,9323,1.0022107362747192
0,23,56,L,5534,0.9748243093490601
0,23,56,L,10778,0.9703532457351685
0,23,56,L,1533,0.9436321258544922
0,23,56,L,15832,0.9432627558708191
0,23,57,S,12880,10.379674911499023
0,23,57,S,8836,9.637755393981934
0,23,57,S,9211,8.943987846374512
0,23,57,S,13844,8.123356819152832
0,23,57,S,5562,6.499209880828857
0,23,57,S,6760,6.273483753204346
0,23,57,S,386,5.573472023010254
0,23,57,S,15182,5.430429935455322
0,23,57,S,2512,5.092809677124023
0,23,57,S,1251,3.570949077606201
0,23,57,S,5460,3.1506130695343018
0,23,57,S,8191,3.1176958084106445
0,23,57,S,5959,3.0291635990142822
0,23,57,S,9076,2.4166698455810547
0,23,57,S,9651,1.990166187286377
0,23,57,S,9993,1.7251107692718506
0,23,57,S,11903,1.5885353088378906
0,23,57,S,13630,1.4577842950820923
0,23,57,S,4687,1.4154751300811768
0,23,57,S,13297,1.3557802438735962
0,23,57,S,12994,1.3483763933181763
0,23,57,S,15939,1.3334380388259888
0,23,57,S,11760,1.3020281791687012
0,23,57,S,11956,1.2760459184646606
0,23,57,S,11294,1.2716130018234253
0,23,57,S,1114,1.1732563972473145
0,23,57,S,8315,1.1241651773452759
0,23,57,S,13243,1.0621541738510132
0,23,57,S,6012,1.0455968379974365
0,23,57,S,8317,1.019628882408142
0,23,57,S,12066,1.012040376663208
0,23,57,S,1153,1.0064294338226318
0,23,57,S,2089,0.9572495222091675
0,23,57,S,15353,0.9562780857086182
0,23,57,S,16288,0.9544276595115662
0,23,57,S,5895,0.9230473041534424
0,23,57,S,196,0.9166924953460693
0,23,57,S,12067,0.9087197184562683
0,23,57,S,7487,0.9026427268981934
0,23,57,S,8053,0.8927179574966431
0,23,57,S,656,0.874068021774292
0,23,57,S,15360,0.8698742985725403
0,23,57,S,2031,0.8674442172050476
0,23,57,S,11544,0.8672837018966675
0,23,57,S,11869,0.85837721824646
0,23,57,S,13965,0.8557270765304565
0,23,57,S,821,0.8537055253982544
0,23,57,S,11309,0.8473041653633118
0,23,57,S,6099,0.8441473841667175
0,23,57,S,13576,0.8391690254211426
0,23,57,S,8527,0.8353301286697388
0,23,57,S,14323,0.8255639672279358
0,23,57,S,16261,0.8211467266082764
0,23,57,S,10681,0.8138641715049744
0,23,57,S,14366,0.8116894960403442
0,23,57,S,15594,0.7931355237960815
0,23,57,S,914,0.7883636951446533
0,23,57,S,13746,0.7816540598869324
0,23,57,S,6557,0.7655505537986755
0,23,57,S,1996,0.7616564631462097
0,23,57,S,9510,0.756872296333313
0,23,57,S,1160,0.7565762400627136
0,23,57,S,6358,0.7526273727416992
0,23,57,S,14530,0.7508723735809326
0,23,58,D,9211,10.448171615600586
0,23,58,D,12880,9.587594985961914
0,23,58,D,8836,8.956787109375
0,23,58,D,13844,7.786788463592529
0,23,58,D,5562,7.544180393218994
0,23,58,D,6760,5.861883163452148
0,23,58,D,386,5.461601734161377
0,23,58,D,15182,5.459487438201904
0,23,58,D,2512,4.4202728271484375
0,23,58,D,1204,3.9185116291046143
0,23,58,D,1251,3.3940505981445312
0,23,58,D,9408,3.0607078075408936
0,23,58,D,9076,2.9449751377105713
0,23,58,D,5460,2.705568790435791
0,23,58,D,8191,2.5763633251190186
0,23,58,D,656,2.5435075759887695
0,23,58,D,9993,1.8641788959503174
0,23,58,D,902,1.6523017883300781
0,23,58,D,1342,1.5200663805007935
0,23,58,D,6099,1.447792887687683
0,23,58,D,7242,1.398174524307251
0,23,58,D,8053,1.391520380973816
0,23,58,D,10455,1.2293041944503784
0,23,58,D,4687,1.1783093214035034
0,23,58,D,15660,1.1614010334014893
0,23,58,D,16375,1.1328845024108887
0,23,58,D,15939,1.1241923570632935
0,23,58,D,8067,1.0969905853271484
0,23,58,D,11956,1.0892366170883179
0,23,58,D,11903,1.0813097953796387
0,23,58,D,6012,1.0736688375473022
0,23,58,D,11294,1.0412226915359497
0,23,58,D,11544,0.9742273092269897
0,23,58,D,13630,0.9537283182144165
0,23,58,D,7809,0.9489588141441345
0,23,58,D,1153,0.9344543814659119
0,23,58,D,653,0.9245450496673584
0,23,58,D,196,0.9234222173690796
0,23,58,D,7487,0.9142376780509949
0,23,58,D,2089,0.9124747514724731
0,23,58,D,15594,0.8777032494544983
0,23,58,D,4391,0.8418822884559631
0,23,58,D,1114,0.8399940133094788
0,23,58,D,9510,0.8326685428619385
0,23,58,D,11577,0.8206968307495117
0,23,58,D,12067,0.8185560703277588
0,23,58,D,169,0.812509298324585
0,23,58,D,11574,0.8027723431587219
0,23,58,D,14530,0.7978261113166809
0,23,58,D,15509,0.7808053493499756
0,23,58,D,2399,0.7735947966575623
0,23,58,D,1940,0.7674965858459473
0,23,58,D,16288,0.7586448788642883
0,23,58,D,2923,0.7565265893936157
0,23,58,D,13623,0.7518476247787476
0,23,58,D,1110,0.7462682723999023
0,23,58,D,10034,0.740338146686554
0,23,58,D,13615,0.7354873418807983
0,23,58,D,821,0.7223601341247559
0,23,58,D,2593,0.6945468187332153
0,23,58,D,1138,0.6867504715919495
0,23,58,D,6403,0.6831275224685669
0,23,58,D,1160,0.6779403686523438
0,23,58,D,11013,0.6771207451820374
0,23,59,Y,12880,10.45724868774414
0,23,59,Y,9211,9.452065467834473
0,23,59,Y,13844,8.062135696411133
0,23,59,Y,5562,7.422515392303467
0,23,59,Y,8836,6.8388872146606445
0,23,59,Y,15182,6.436574935913086
0,23,59,Y,386,5.8664870262146
0,23,59,Y,6760,5.581282615661621
0,23,59,Y,2512,5.238332748413086
0,23,59,Y,7242,4.222166061401367
0,23,59,Y,5483,3.451308488845825
0,23,59,Y,1251,3.3533053398132324
0,23,59,Y,8191,3.109031915664673
0,23,59,Y,9076,2.356388807296753
0,23,59,Y,2598,2.062325954437256
0,23,59,Y,6099,1.9782606363296509
0,23,59,Y,4391,1.8977261781692505
0,23,59,Y,9993,1.8307445049285889
0,23,59,Y,12676,1.7135933637619019
0,23,59,Y,5686,1.663301944732666
0,23,59,Y,13630,1.561818242073059
0,23,59,Y,13895,1.5060009956359863
0,23,59,Y,11294,1.4023542404174805
0,23,59,Y,4687,1.3788480758666992
0,23,59,Y,15687,1.2575851678848267
0,23,59,Y,7493,1.2023303508758545
0,23,59,Y,10455,1.157057523727417
0,23,59,Y,11903,1.1528571844100952
0,23,59,Y,14483,1.1159968376159668
0,23,59,Y,13623,1.0927094221115112
0,23,59,Y,8067,1.0837092399597168
0,23,59,Y,12682,1.0604466199874878
0,23,59,Y,8053,1.0270187854766846
0,23,59,Y,13282,0.9715908765792847
0,23,59,Y,11590,0.9664036631584167
0,23,59,Y,16052,0.9417927265167236
0,23,59,Y,13243,0.9392164945602417
0,23,59,Y,12656,0.9284912943840027
0,23,59,Y,583,0.9022620320320129
0,23,59,Y,169,0.8910536766052246
0,23,59,Y,11956,0.8660775423049927
0,23,59,Y,1114,0.8304604291915894
0,23,59,Y,7487,0.8246596455574036
0,23,59,Y,2089,0.7970497012138367
0,23,59,Y,15594,0.7955758571624756
0,23,59,Y,1940,0.7923390865325928
0,23,59,Y,7544,0.7875662446022034
0,23,59,Y,14312,0.7682288885116577
0,23,59,Y,1759,0.7556906342506409
0,23,59,Y,14837,0.7285956740379333
0,23,59,Y,3899,0.7102081179618835
0,23,59,Y,14905,0.7085598111152649
0,23,59,Y,1094,0.7074599862098694
0,23,59,Y,10272,0.6992542743682861
0,23,59,Y,15420,0.6948187351226807
0,23,59,Y,11690,0.6915176510810852
0,23,59,Y,1338,0.6891108155250549
0,23,59,Y,10970,0.6883381009101868
0,23,59,Y,2282,0.6793261766433716
0,23,59,Y,16101,0.6675524711608887
0,23,59,Y,10658,0.6658331751823425
0,23,59,Y,10806,0.6600536704063416
0,23,59,Y,6958,0.6498758792877197
0,23,59,Y,8611,0.6416792869567871
0,23,60,N,12880,9.536213874816895
0,23,60,N,8836,9.339964866638184
0,23,60,N,9211,8.965045928955078
0,23,60,N,5562,7.301022529602051
0,23,60,N,13844,6.787280082702637
0,23,60,N,6760,6.127230644226074
0,23,60,N,386,5.9245219230651855
0,23,60,N,15182,5.649653434753418
0,23,60,N,14837,5.230881690979004
0,23,60,N,1251,4.480137348175049
0,23,60,N,2512,4.002110004425049
0,23,60,N,3463,3.7418808937072754
0,23,60,N,15121,3.3896374702453613
0,23,60,N,8191,2.7493181228637695
0,23,60,N,9993,1.9596432447433472
0,23,60,N,3844,1.891983985900879
0,23,60,N,10977,1.7032939195632935
0,23,60,N,12676,1.6880234479904175
0,23,60,N,9216,1.5826456546783447
0,23,60,N,13630,1.5734426975250244
0,23,60,N,3157,1.424104928970337
0,23,60,N,11294,1.3188356161117554
0,23,60,N,4687,1.303606629371643
0,23,60,N,718,1.2658109664916992
0,23,60,N,14578,1.215590238571167
0,23,60,N,1094,1.1548634767532349
0,23,60,N,13895,1.13245689868927
0,23,60,N,7586,1.1290825605392456
0,23,60,N,4530,1.1127594709396362
0,23,60,N,10555,1.1108379364013672
0,23,60,N,7853,1.1064602136611938
0,23,60,N,15594,1.0970571041107178
0,23,60,N,9412,1.091805338859558
0,23,60,N,9923,1.0265743732452393
0,23,60,N,11903,0.9700255393981934
0,23,60,N,2669,0.919317901134491
0,23,60,N,9992,0.8962504863739014
0,23,60,N,6099,0.8545069694519043
0,23,60,N,15619,0.8013697266578674
0,23,60,N,2715,0.7973768711090088
0,23,60,N,3924,0.7876264452934265
0,23,60,N,6895,0.7773196697235107
0,23,60,N,4007,0.7770122289657593
0,23,60,N,4229,0.7698454260826111
0,23,60,N,8644,0.7689040899276733
0,23,60,N,8703,0.7628148794174194
0,23,60,N,16052,0.7623434066772461
0,23,60,N,8988,0.7550077438354492
0,23,60,N,2534,0.7513065338134766
0,23,60,N,2041,0.7501629590988159
0,23,60,N,5644,0.7464686036109924
0,23,60,N,10806,0.7453774213790894
0,23,60,N,3779,0.7428485751152039
0,23,60,N,15124,0.7427058815956116
0,23,60,N,8547,0.7385445237159729
0,23,60,N,7201,0.7376619577407837
0,23,60,N,9772,0.7336232662200928
0,23,60,N,5782,0.7325640320777893
0,23,60,N,12338,0.7308450937271118
0,23,60,N,8315,0.7307422161102295
0,23,60,N,6507,0.721126139163971
0,23,60,N,8053,0.7196560502052307
0,23,60,N,14523,0.7144796848297119
0,23,60,N,12320,0.7114419341087341
0,23,61,I,13721,6.701277256011963
0,23,61,I,6760,6.2499542236328125
0,23,61,I,5562,5.647705554962158
0,23,61,I,13844,5.578221797943115
0,23,61,I,2945,5.1868157386779785
0,23,61,I,9211,5.056996822357178
0,23,61,I,386,4.994030475616455
0,23,61,I,8191,4.778757572174072
0,23,61,I,7593,4.445837497711182
0,23,61,I,8836,4.032042980194092
0,23,61,I,2512,3.780484676361084
0,23,61,I,5163,3.694582939147949
0,23,61,I,12880,3.4411885738372803
0,23,61,I,15182,2.774658679962158
0,23,61,I,7550,2.697315216064453
0,23,61,I,9897,2.367856740951538
0,23,61,I,10741,2.3008692264556885
0,23,61,I,15084,2.172844171524048
0,23,61,I,1495,2.1508944034576416
0,23,61,I,11303,1.9933269023895264
0,23,61,I,9993,1.9125916957855225
0,23,61,I,3144,1.783270239830017
0,23,61,I,928,1.7633633613586426
0,23,61,I,6012,1.6573153734207153
0,23,61,I,1251,1.6553680896759033
0,23,61,I,6193,1.6406524181365967
0,23,61,I,9464,1.604673147201538
0,23,61,I,15140,1.526145100593567
0,23,61,I,5272,1.514322280883789
0,23,61,I,7506,1.4909392595291138
0,23,61,I,8317,1.4893170595169067
0,23,61,I,15651,1.4652847051620483
0,23,61,I,10724,1.4338862895965576
0,23,61,I,180,1.4179573059082031
0,23,61,I,5155,1.4053956270217896
0,23,61,I,13895,1.3871561288833618
0,23,61,I,4015,1.3619972467422485
0,23,61,I,8090,1.3565706014633179
0,23,61,I,3777,1.3482099771499634
0,23,61,I,13541,1.3360117673873901
0,23,61,I,8019,1.3221324682235718
0,23,61,I,5517,1.319272518157959
0,23,61,I,10508,1.3161066770553589
0,23,61,I,5830,1.2789208889007568
0,23,61,I,12619,1.2112421989440918
0,23,61,I,9132,1.206032395362854
0,23,61,I,8888,1.1711424589157104
0,23,61,I,12676,1.1638972759246826
0,23,61,I,1845,1.145671010017395
0,23,61,I,11200,1.128667950630188
0,23,61,I,6110,1.1265183687210083
0,23,61,I,4164,1.1238034963607788
0,23,61,I,6180,1.1210477352142334
0,23,61,I,11294,1.11245596408844
0,23,61,I,4393,1.111924171447754
0,23,61,I,13792,1.1093597412109375
0,23,61,I,6248,1.1073014736175537
0,23,61,I,5147,1.100293517112732
0,23,61,I,660,1.0783644914627075
0,23,61,I,10337,1.0737024545669556
0,23,61,I,3745,1.0577197074890137
0,23,61,I,14966,1.051379919052124
0,23,61,I,14068,1.0004819631576538
0,23,61,I,4780,0.9997798204421997
0,23,62,Q,12880,10.197513580322266
0,23,62,Q,9211,9.25860595703125
0,23,62,Q,8836,9.079338073730469
0,23,62,Q,13844,7.42148494720459
0,23,62,Q,6760,7.322144031524658
0,23,62,Q,5562,7.27021598815918
0,23,62,Q,1251,5.631378173828125
0,23,62,Q,386,5.467465400695801
0,23,62,Q,15182,5.1438469886779785
0,23,62,Q,2512,4.569676399230957
0,23,62,Q,14928,3.7354748249053955
0,23,62,Q,8191,3.2578389644622803
0,23,62,Q,2654,3.0203144550323486
0,23,62,Q,7817,2.910844087600708
0,23,62,Q,3160,2.667893409729004
0,23,62,Q,14578,2.4772868156433105
0,23,62,Q,9993,2.0938994884490967
0,23,62,Q,14254,1.6801708936691284
0,23,62,Q,11903,1.4891388416290283
0,23,62,Q,6745,1.3453795909881592
0,23,62,Q,13630,1.296384572982788
0,23,62,Q,11294,1.294522762298584
0,23,62,Q,4687,1.1622676849365234
0,23,62,Q,3989,1.0382397174835205
0,23,62,Q,10623,1.0114495754241943
0,23,62,Q,15528,1.006516695022583
0,23,62,Q,14108,0.953729510307312
0,23,62,Q,9719,0.9402941465377808
0,23,62,Q,7488,0.9135482311248779
0,23,62,Q,4404,0.9122008681297302
0,23,62,Q,5763,0.8859733939170837
0,23,62,Q,15660,0.8699126243591309
0,23,62,Q,12676,0.8507162928581238
0,23,62,Q,12163,0.8506929278373718
0,23,62,Q,14807,0.8480287194252014
0,23,62,Q,9182,0.8479238748550415
0,23,62,Q,5910,0.8448100090026855
0,23,62,Q,6956,0.8347811102867126
0,23,62,Q,14483,0.8237708806991577
0,23,62,Q,2383,0.8231995105743408
0,23,62,Q,15939,0.822504460811615
0,23,62,Q,9923,0.7932673096656799
0,23,62,Q,14287,0.7925845980644226
0,23,62,Q,8817,0.7883589267730713
0,23,62,Q,9170,0.782412588596344
0,23,62,Q,13344,0.7616621851921082
0,23,62,Q,11590,0.7588212490081787
0,23,62,Q,6524,0.7548856139183044
0,23,62,Q,1940,0.7548277974128723
0,23,62,Q,3899,0.748903751373291
0,23,62,Q,3273,0.7387031316757202
0,23,62,Q,15594,0.722018301486969
0,23,62,Q,6012,0.7113056778907776
0,23,62,Q,2002,0.7104214429855347
0,23,62,Q,11544,0.7091624140739441
0,23,62,Q,9664,0.694411039352417
0,23,62,Q,4599,0.6854066848754883
0,23,62,Q,2640,0.6853911876678467
0,23,62,Q,2079,0.6758600473403931
0,23,62,Q,14418,0.6682459712028503
0,23,62,Q,11763,0.6644741296768188
0,23,62,Q,10689,0.6602135300636292
0,23,62,Q,10337,0.6585170030593872
0,23,62,Q,1160,0.6557191610336304
0,23,63,K,12880,8.926850318908691
0,23,63,K,9211,8.616912841796875
0,23,63,K,8836,8.614063262939453
0,23,63,K,5562,7.916627883911133
0,23,63,K,6760,6.265134334564209
0,23,63,K,13844,5.8546624183654785
0,23,63,K,656,5.570047378540039
0,23,63,K,14287,5.467344284057617
0,23,63,K,386,5.429862022399902
0,23,63,K,1251,4.364835262298584
0,23,63,K,15182,4.342382907867432
0,23,63,K,340,3.7807435989379883
0,23,63,K,2512,3.3483266830444336
0,23,63,K,8791,3.1005382537841797
0,23,63,K,8191,3.0290939807891846
0,23,63,K,16334,2.6440975666046143
0,23,63,K,9993,2.174363613128662
0,23,63,K,2654,2.0879111289978027
0,23,63,K,1235,2.0601627826690674
0,23,63,K,14011,1.9482991695404053
0,23,63,K,6745,1.8046271800994873
0,23,63,K,11903,1.748253583908081
0,23,63,K,6270,1.710574746131897
0,23,63,K,4687,1.5296481847763062
0,23,63,K,13297,1.4924408197402954
0,23,63,K,11245,1.4171031713485718
0,23,63,K,13630,1.416563630104065
0,23,63,K,4566,1.3112541437149048
0,23,63,K,2224,1.298291802406311
0,23,63,K,15821,1.244511365890503
0,23,63,K,9719,1.12045156955719
0,23,63,K,10912,1.1035833358764648
0,23,63,K,10219,1.0994492769241333
0,23,63,K,7961,1.0661108493804932
0,23,63,K,196,1.0520349740982056
0,23,63,K,11760,1.0518996715545654
0,23,63,K,14447,1.0517572164535522
0,23,63,K,11590,1.0388729572296143
0,23,63,K,15939,1.0276700258255005
0,23,63,K,4337,1.0112756490707397
0,23,63,K,3844,1.003966212272644
0,23,63,K,5464,0.9757680296897888
0,23,63,K,3545,0.9530802965164185
0,23,63,K,1114,0.9310863614082336
0,23,63,K,11294,0.9307854175567627
0,23,63,K,15594,0.92145174741745
0,23,63,K,5839,0.8986742496490479
0,23,63,K,1768,0.8860569596290588
0,23,63,K,5293,0.8783748745918274
0,23,63,K,8493,0.8764375448226929
0,23,63,K,15628,0.8631759285926819
0,23,63,K,5200,0.8577485084533691
0,23,63,K,11763,0.8514986634254456
0,23,63,K,15352,0.849144458770752
0,23,63,K,6109,0.8447225093841553
0,23,63,K,9923,0.8376235961914062
0,23,63,K,16341,0.828709602355957
0,23,63,K,8917,0.8287081718444824
0,23,63,K,11716,0.8285565972328186
0,23,63,K,13746,0.819297194480896
0,23,63,K,3587,0.8155381083488464
0,23,63,K,2250,0.7994066476821899
0,23,63,K,6783,0.7921096086502075
0,23,63,K,2431,0.788670539855957
0,23,64,E,12880,8.290146827697754
0,23,64,E,8836,7.969859600067139
0,23,64,E,5562,7.835343360900879
0,23,64,E,9211,7.575705528259277
0,23,64,E,14011,7.563138008117676
0,23,64,E,13844,6.839572906494141
0,23,64,E,386,6.328031063079834
0,23,64,E,6760,5.732666492462158
0,23,64,E,3844,5.307827472686768
0,23,64,E,323,4.947395324707031
0,23,64,E,1251,4.259390830993652
0,23,64,E,15182,3.859881639480591
0,23,64,E,2512,3.1169140338897705
0,23,64,E,5675,3.0362095832824707
0,23,64,E,8191,3.0156054496765137
0,23,64,E,360,2.855786085128784
0,23,64,E,10894,2.5666542053222656
0,23,64,E,9993,2.5154037475585938
0,23,64,E,11903,1.8369615077972412
0,23,64,E,16375,1.638206958770752
0,23,64,E,8791,1.4166254997253418
0,23,64,E,10288,1.3671437501907349
0,23,64,E,13630,1.3307905197143555
0,23,64,E,5116,1.259291172027588
0,23,64,E,389,1.2396516799926758
0,23,64,E,14287,1.1914918422698975
0,23,64,E,2654,1.1680277585983276
0,23,64,E,11294,1.15487539768219
0,23,64,E,2412,1.0890021324157715
0,23,64,E,12193,1.0766375064849854
0,23,64,E,4599,1.0384657382965088
0,23,64,E,11590,1.0336133241653442
0,23,64,E,4687,1.0318909883499146
0,23,64,E,15628,1.0313266515731812
0,23,64,E,11245,0.9970711469650269
0,23,64,E,9216,0.9600613117218018
0,23,64,E,10800,0.9600176215171814
0,23,64,E,11760,0.9179802536964417
0,23,64,E,5836,0.9083549976348877
0,23,64,E,14447,0.892368733882904
0,23,64,E,13531,0.8896522521972656
0,23,64,E,6765,0.8825153112411499
0,23,64,E,2435,0.8656077980995178
0,23,64,E,12664,0.8569687604904175
0,23,64,E,4476,0.8442732095718384
0,23,64,E,12021,0.8216711282730103
0,23,64,E,13321,0.8128416538238525
0,23,64,E,10658,0.7965021133422852
0,23,64,E,14135,0.7929454445838928
0,23,64,E,1114,0.789110541343689
0,23,64,E,1876,0.7871211767196655
0,23,64,E,5464,0.7845720648765564
0,23,64,E,8039,0.7738162279129028
0,23,64,E,390,0.7703063488006592
0,23,64,E,15465,0.7694545984268188
0,23,64,E,9204,0.7689982056617737
0,23,64,E,6130,0.7572703957557678
0,23,64,E,4754,0.7505467534065247
0,23,64,E,15699,0.7337299585342407
0,23,64,E,15819,0.7335920333862305
0,23,64,E,5105,0.7170701026916504
0,23,64,E,7833,0.7040805220603943
0,23,64,E,15821,0.6914902925491333
0,23,64,E,8310,0.6909031271934509
0,23,65,S,5562,9.059248924255371
0,23,65,S,9211,8.42236328125
0,23,65,S,12880,8.381702423095703
0,23,65,S,8836,8.089125633239746
0,23,65,S,386,7.012895584106445
0,23,65,S,13844,6.943863868713379
0,23,65,S,15182,6.512879371643066
0,23,65,S,6431,5.407361030578613
0,23,65,S,6760,5.386729717254639
0,23,65,S,13531,4.948081970214844
0,23,65,S,1251,4.718283176422119
0,23,65,S,2512,3.3395841121673584
0,23,65,S,5959,2.9118824005126953
0,23,65,S,8191,2.4370954036712646
0,23,65,S,9993,2.3613786697387695
0,23,65,S,7638,2.235175848007202
0,23,65,S,11903,1.8308706283569336
0,23,65,S,13630,1.7289189100265503
0,23,65,S,5116,1.5166633129119873
0,23,65,S,3565,1.4405148029327393
0,23,65,S,4687,1.3292956352233887
0,23,65,S,11294,1.3004900217056274
0,23,65,S,13748,1.1625463962554932
0,23,65,S,12676,1.1425869464874268
0,23,65,S,9216,1.0871137380599976
0,23,65,S,389,1.0703020095825195
0,23,65,S,2412,1.069416880607605
0,23,65,S,11211,1.0635945796966553
0,23,65,S,10658,1.042157769203186
0,23,65,S,510,1.0336076021194458
0,23,65,S,4509,0.9957640171051025
0,23,65,S,8791,0.9946678280830383
0,23,65,S,8034,0.9539677500724792
0,23,65,S,146,0.9522775411605835
0,23,65,S,2384,0.934686005115509
0,23,65,S,1087,0.9129216074943542
0,23,65,S,11869,0.8954133987426758
0,23,65,S,2911,0.8928308486938477
0,23,65,S,15594,0.8653454780578613
0,23,65,S,12656,0.8338255882263184
0,23,65,S,15939,0.8068616986274719
0,23,65,S,1114,0.8050809502601624
0,23,65,S,13746,0.8048431277275085
0,23,65,S,2654,0.7820318937301636
0,23,65,S,10800,0.7797414064407349
0,23,65,S,3777,0.768707275390625
0,23,65,S,14013,0.7667893171310425
0,23,65,S,2250,0.7616065144538879
0,23,65,S,2669,0.7585083842277527
0,23,65,S,4599,0.7568857669830322
0,23,65,S,5452,0.7478779554367065
0,23,65,S,12994,0.7409605383872986
0,23,65,S,5200,0.7402406334877014
0,23,65,S,13125,0.7358866930007935
0,23,65,S,2435,0.7356337904930115
0,23,65,S,13296,0.7258716821670532
0,23,65,S,8257,0.7253723740577698
0,23,65,S,2282,0.714662492275238
0,23,65,S,3280,0.7076547145843506
0,23,65,S,3329,0.7041471004486084
0,23,65,S,13297,0.7007502913475037
0,23,65,S,9372,0.6982599496841431
0,23,65,S,3638,0.6917344927787781
0,23,65,S,13062,0.6889764666557312
0,23,66,T,12880,9.588469505310059
0,23,66,T,9211,8.421808242797852
0,23,66,T,13844,7.623723983764648
0,23,66,T,5562,7.501214504241943
0,23,66,T,8836,7.11444091796875
0,23,66,T,6760,6.283619403839111
0,23,66,T,15182,5.905618667602539
0,23,66,T,386,5.542534828186035
0,23,66,T,13736,4.373097896575928
0,23,66,T,1251,3.463364601135254
0,23,66,T,6851,3.4527769088745117
0,23,66,T,6895,3.199692487716675
0,23,66,T,15508,3.01751446723938
0,23,66,T,8191,2.8349647521972656
0,23,66,T,2512,2.598294496536255
0,23,66,T,2318,2.2434184551239014
0,23,66,T,5116,2.016338586807251
0,23,66,T,13630,1.8653826713562012
0,23,66,T,5937,1.7854149341583252
0,23,66,T,16375,1.781455636024475
0,23,66,T,13895,1.6129051446914673
0,23,66,T,8034,1.6128278970718384
0,23,66,T,4599,1.578899621963501
0,23,66,T,15628,1.5529183149337769
0,23,66,T,12650,1.4823344945907593
0,23,66,T,16052,1.4588514566421509
0,23,66,T,11903,1.3988486528396606
0,23,66,T,11177,1.3179248571395874
0,23,66,T,9789,1.2437855005264282
0,23,66,T,15594,1.2373727560043335
0,23,66,T,9993,1.223132848739624
0,23,66,T,10738,1.150879979133606
0,23,66,T,10888,1.1497176885604858
0,23,66,T,4687,1.1310580968856812
0,23,66,T,2435,1.1250618696212769
0,23,66,T,9323,1.1206165552139282
0,23,66,T,14011,1.1069163084030151
0,23,66,T,4754,1.0929023027420044
0,23,66,T,9664,1.0732568502426147
0,23,66,T,16055,1.0586899518966675
0,23,66,T,3157,1.0454041957855225
0,23,66,T,3745,1.0366398096084595
0,23,66,T,11740,1.023245930671692
0,23,66,T,11577,1.0016146898269653
0,23,66,T,995,0.9933573007583618
0,23,66,T,14037,0.9902136325836182
0,23,66,T,4115,0.9789136648178101
0,23,66,T,7487,0.9686785936355591
0,23,66,T,9372,0.9341365694999695
0,23,66,T,12994,0.9258926510810852
0,23,66,T,1070,0.9234410524368286
0,23,66,T,2381,0.9176217913627625
0,23,66,T,414,0.8927915692329407
0,23,66,T,11309,0.887191653251648
0,23,66,T,10658,0.8831650018692017
0,23,66,T,12414,0.8669345378875732
0,23,66,T,8782,0.8664659857749939
0,23,66,T,451,0.8575356602668762
0,23,66,T,3658,0.8477314710617065
0,23,66,T,2933,0.8430013656616211
0,23,66,T,8600,0.8357353210449219
0,23,66,T,1338,0.820127546787262
0,23,66,T,11827,0.8141589164733887
0,23,66,T,10210,0.814083456993103
0,23,67,L,12880,8.095356941223145
0,23,67,L,5562,7.859737396240234
0,23,67,L,9211,7.003940105438232
0,23,67,L,6760,6.717099666595459
0,23,67,L,13844,5.43749475479126
0,23,67,L,15182,4.784416675567627
0,23,67,L,10738,4.523876667022705
0,23,67,L,386,4.223199367523193
0,23,67,L,6524,4.172116756439209
0,23,67,L,8836,3.900181770324707
0,23,67,L,8191,3.418088436126709
0,23,67,L,9718,3.3363749980926514
0,23,67,L,660,2.835029363632202
0,23,67,L,2476,2.389185667037964
0,23,67,L,2512,2.223989248275757
0,23,67,L,2381,2.1765754222869873
0,23,67,L,2678,2.1439199447631836
0,23,67,L,16052,1.9967174530029297
0,23,67,L,1251,1.894412875175476
0,23,67,L,11827,1.8657537698745728
0,23,67,L,5116,1.8551955223083496
0,23,67,L,4599,1.7668778896331787
0,23,67,L,14551,1.640034556388855
0,23,67,L,15939,1.5717836618423462
0,23,67,L,13630,1.5360991954803467
0,23,67,L,2640,1.527294397354126
0,23,67,L,16288,1.509839415550232
0,23,67,L,6012,1.4925274848937988
0,23,67,L,10345,1.3712433576583862
0,23,67,L,9323,1.2877564430236816
0,23,67,L,13659,1.2844816446304321
0,23,67,L,16055,1.2724567651748657
0,23,67,L,293,1.257722020149231
0,23,67,L,15214,1.2287150621414185
0,23,67,L,11842,1.2047977447509766
0,23,67,L,4384,1.1948542594909668
0,23,67,L,3139,1.1823296546936035
0,23,67,L,4056,1.1797224283218384
0,23,67,L,7488,1.1618566513061523
0,23,67,L,4509,1.153965950012207
0,23,67,L,15628,1.1385000944137573
0,23,67,L,14732,1.1338632106781006
0,23,67,L,5676,1.106677770614624
0,23,67,L,5630,1.10513436794281
0,23,67,L,8034,1.0998226404190063
0,23,67,L,8156,1.099597454071045
0,23,67,L,5713,1.0918136835098267
0,23,67,L,7973,1.0876173973083496
0,23,67,L,7483,1.0561193227767944
0,23,67,L,1087,1.0479649305343628
0,23,67,L,15353,1.0373570919036865
0,23,67,L,5466,1.0295387506484985
0,23,67,L,5403,1.016596794128418
0,23,67,L,9945,1.0151787996292114
0,23,67,L,6057,1.0144670009613037
0,23,67,L,7615,1.0110365152359009
0,23,67,L,9993,1.0025413036346436
0,23,67,L,15594,1.0021328926086426
0,23,67,L,9620,0.9922892451286316
0,23,67,L,7671,0.9627127647399902
0,23,67,L,3523,0.9481269121170044
0,23,67,L,13895,0.943632960319519
0,23,67,L,2933,0.9420607089996338
0,23,67,L,718,0.9269944429397583
0,23,68,H,12880,10.5508394241333
0,23,68,H,9211,8.725725173950195
0,23,68,H,5562,6.499993801116943
0,23,68,H,8836,6.132907390594482
0,23,68,H,13844,5.63267707824707
0,23,68,H,6760,5.46081018447876
0,23,68,H,15182,5.111310005187988
0,23,68,H,2447,4.836331844329834
0,23,68,H,386,4.721682071685791
0,23,68,H,1251,3.7207891941070557
0,23,68,H,2512,3.6329269409179688
0,23,68,H,8191,3.2113757133483887
0,23,68,H,2177,3.2108521461486816
0,23,68,H,11245,2.764854907989502
0,23,68,H,13895,2.58520770072937
0,23,68,H,6012,2.2433648109436035
0,23,68,H,13630,2.2134554386138916
0,23,68,H,4384,1.9525779485702515
0,23,68,H,16052,1.9231553077697754
0,23,68,H,14551,1.7556233406066895
0,23,68,H,14272,1.7476179599761963
0,23,68,H,9664,1.616991400718689
0,23,68,H,9323,1.5917870998382568
0,23,68,H,6851,1.5736448764801025
0,23,68,H,4599,1.5369322299957275
0,23,68,H,9993,1.511751413345337
0,23,68,H,4509,1.502656102180481
0,23,68,H,11827,1.4600038528442383
0,23,68,H,660,1.4280600547790527
0,23,68,H,7201,1.4097939729690552
0,23,68,H,15628,1.4047930240631104
0,23,68,H,11903,1.4047480821609497
0,23,68,H,2381,1.3554242849349976
0,23,68,H,5133,1.3496286869049072
0,23,68,H,2917,1.3337912559509277
0,23,68,H,8317,1.295169472694397
0,23,68,H,10738,1.2733471393585205
0,23,68,H,12218,1.2243695259094238
0,23,68,H,11154,1.2197692394256592
0,23,68,H,7148,1.2068169116973877
0,23,68,H,12619,1.1760427951812744
0,23,68,H,3683,1.1370348930358887
0,23,68,H,10689,1.123816967010498
0,23,68,H,4322,1.12361478805542
0,23,68,H,15594,1.0905646085739136
0,23,68,H,7488,1.0634093284606934
0,23,68,H,15528,1.0573253631591797
0,23,68,H,2916,1.0568386316299438
0,23,68,H,12943,1.0297743082046509
0,23,68,H,9874,1.0222012996673584
0,23,68,H,13506,1.0081119537353516
0,23,68,H,25,1.0063369274139404
0,23,68,H,14779,0.9900100231170654
0,23,68,H,1141,0.9849872589111328
0,23,68,H,498,0.9778372645378113
0,23,68,H,2250,0.9673964977264404
0,23,68,H,4831,0.9632037878036499
0,23,68,H,8400,0.9544805884361267
0,23,68,H,14251,0.9463232159614563
0,23,68,H,7742,0.933559238910675
0,23,68,H,8257,0.9332722425460815
0,23,68,H,2476,0.9274073839187622
0,23,68,H,16055,0.8933690190315247
0,23,68,H,15823,0.8879783749580383
0,23,69,L,12880,9.992823600769043
0,23,69,L,5562,8.415599822998047
0,23,69,L,9211,7.895752429962158
0,23,69,L,386,5.460333347320557
0,23,69,L,6760,5.302432060241699
0,23,69,L,13844,5.154333114624023
0,23,69,L,6524,4.508746147155762
0,23,69,L,8836,4.324120044708252
0,23,69,L,548,4.108903408050537
0,23,69,L,15182,3.538484811782837
0,23,69,L,4384,3.2722229957580566
0,23,69,L,2512,3.2195093631744385
0,23,69,L,660,3.171358823776245
0,23,69,L,2177,3.0473766326904297
0,23,69,L,1251,2.683624744415283
0,23,69,L,13895,2.6143343448638916
0,23,69,L,16052,2.532855749130249
0,23,69,L,656,2.1494359970092773
0,23,69,L,9664,2.11079478263855
0,23,69,L,8191,2.0687050819396973
0,23,69,L,13630,1.973136067390442
0,23,69,L,6012,1.9223666191101074
0,23,69,L,11245,1.8560818433761597
0,23,69,L,14551,1.8208205699920654
0,23,69,L,498,1.7582716941833496
0,23,69,L,7483,1.723583459854126
0,23,69,L,367,1.5911301374435425
0,23,69,L,16079,1.5795856714248657
0,23,69,L,9993,1.5413084030151367
0,23,69,L,2917,1.5087698698043823
0,23,69,L,12619,1.464489459991455
0,23,69,L,9874,1.4168987274169922
0,23,69,L,11903,1.411307692527771
0,23,69,L,5133,1.379165768623352
0,23,69,L,8257,1.3708131313323975
0,23,69,L,5904,1.2855772972106934
0,23,69,L,12595,1.2593233585357666
0,23,69,L,11827,1.2586257457733154
0,23,69,L,13592,1.1850000619888306
0,23,69,L,2381,1.1142866611480713
0,23,69,L,7201,1.093425989151001
0,23,69,L,15939,1.0368447303771973
0,23,69,L,1235,1.0305081605911255
0,23,69,L,14083,1.017801284790039
0,23,69,L,4783,1.0177513360977173
0,23,69,L,6906,1.0167458057403564
0,23,69,L,13747,1.0143802165985107
0,23,69,L,8218,1.0103626251220703
0,23,69,L,1469,0.9832563400268555
0,23,69,L,1141,0.9611417055130005
0,23,69,L,6336,0.9543964862823486
0,23,69,L,8506,0.9508007168769836
0,23,69,L,8342,0.9409803152084351
0,23,69,L,3280,0.9252564311027527
0,23,69,L,7887,0.9221445322036743
0,23,69,L,15072,0.9141892194747925
0,23,69,L,11985,0.9124976396560669
0,23,69,L,15628,0.9032412767410278
0,23,69,L,9917,0.901314377784729
0,23,69,L,14732,0.8726247549057007
0,23,69,L,15823,0.858329713344574
0,23,69,L,4509,0.8321927189826965
0,23,69,L,12604,0.8112664818763733
0,23,69,L,3545,0.7964666485786438
0,23,70,V,12880,11.085613250732422
0,23,70,V,9211,8.210887908935547
0,23,70,V,5562,7.69777774810791
0,23,70,V,13844,7.253229141235352
0,23,70,V,386,6.6719136238098145
0,23,70,V,8836,5.9556708335876465
0,23,70,V,15182,5.47771692276001
0,23,70,V,6760,4.837689399719238
0,23,70,V,2512,4.127961158752441
0,23,70,V,1251,3.886197566986084
0,23,70,V,13298,3.5909695625305176
0,23,70,V,13592,2.7889974117279053
0,23,70,V,12457,2.7421700954437256
0,23,70,V,9664,2.551767587661743
0,23,70,V,4384,2.413818120956421
0,23,70,V,13895,2.343071222305298
0,23,70,V,16052,2.3260464668273926
0,23,70,V,13630,2.294796943664551
0,23,70,V,9993,2.290055751800537
0,23,70,V,11903,2.1269428730010986
0,23,70,V,6904,1.9390140771865845
0,23,70,V,8191,1.6178058385849
0,23,70,V,2381,1.586893081665039
0,23,70,V,15465,1.5862233638763428
0,23,70,V,6012,1.5848103761672974
0,23,70,V,14551,1.377683401107788
0,23,70,V,12676,1.316186547279358
0,23,70,V,660,1.2820568084716797
0,23,70,V,13095,1.2494052648544312
0,23,70,V,498,1.2491133213043213
0,23,70,V,2917,1.2337595224380493
0,23,70,V,5893,1.2166744470596313
0,23,70,V,15628,1.2152889966964722
0,23,70,V,1338,1.2058145999908447
0,23,70,V,8257,1.1030434370040894
0,23,70,V,134,1.0828125476837158
0,23,70,V,11303,1.0569148063659668
0,23,70,V,548,1.0463485717773438
0,23,70,V,12619,1.0336387157440186
0,23,70,V,11245,1.0323566198349
0,23,70,V,3255,1.021782636642456
0,23,70,V,8782,1.0205295085906982
0,23,70,V,14411,0.9712120294570923
0,23,70,V,1618,0.9590048789978027
0,23,70,V,9917,0.9433211088180542
0,23,70,V,1070,0.9075413346290588
0,23,70,V,16079,0.8579640984535217
0,23,70,V,12877,0.8504869937896729
0,23,70,V,718,0.8079217672348022
0,23,70,V,11827,0.80657958984375
0,23,70,V,6846,0.7788576483726501
0,23,70,V,3629,0.7473361492156982
0,23,70,V,7493,0.7416165471076965
0,23,70,V,11801,0.7406614422798157
0,23,70,V,1201,0.7300424575805664
0,23,70,V,11905,0.7264681458473206
0,23,70,V,3048,0.7216313481330872
0,23,70,V,12087,0.7138412594795227
0,23,70,V,7201,0.7092974185943604
0,23,70,V,7486,0.7046801447868347
0,23,70,V,2269,0.6986002326011658
0,23,70,V,13746,0.6982082724571228
0,23,70,V,7520,0.686357319355011
0,23,70,V,3280,0.6719046235084534
0,23,71,L,12880,10.086874008178711
0,23,71,L,5562,9.147501945495605
0,23,71,L,9211,8.577568054199219
0,23,71,L,13844,5.718343257904053
0,23,71,L,8836,5.619431018829346
0,23,71,L,386,5.008609771728516
0,23,71,L,15182,4.78377103805542
0,23,71,L,1251,4.3995890617370605
0,23,71,L,6760,4.127094268798828
0,23,71,L,6524,3.917870044708252
0,23,71,L,2512,3.8936426639556885
0,23,71,L,4384,3.1746108531951904
0,23,71,L,9664,3.14372181892395
0,23,71,L,718,3.04630970954895
0,23,71,L,16052,2.9134960174560547
0,23,71,L,11903,2.4914944171905518
0,23,71,L,9993,2.2373147010803223
0,23,71,L,13895,2.2193143367767334
0,23,71,L,14863,2.216539144515991
0,23,71,L,656,2.092987060546875
0,23,71,L,13630,2.03132963180542
0,23,71,L,3280,1.8637348413467407
0,23,71,L,13902,1.784537672996521
0,23,71,L,2917,1.752855658531189
0,23,71,L,16130,1.6687641143798828
0,23,71,L,8257,1.661017894744873
0,23,71,L,6012,1.4822083711624146
0,23,71,L,11245,1.4567755460739136
0,23,71,L,2381,1.4250813722610474
0,23,71,L,498,1.3907822370529175
0,23,71,L,15939,1.3713961839675903
0,23,71,L,12676,1.3536230325698853
0,23,71,L,2044,1.3143693208694458
0,23,71,L,3255,1.2509305477142334
0,23,71,L,9917,1.236946940422058
0,23,71,L,6846,1.2321674823760986
0,23,71,L,8553,1.1667892932891846
0,23,71,L,8729,1.1387207508087158
0,23,71,L,5200,1.1120703220367432
0,23,71,L,13592,1.1097757816314697
0,23,71,L,1338,1.1076244115829468
0,23,71,L,4391,1.0701220035552979
0,23,71,L,8191,1.0678821802139282
0,23,71,L,3531,1.0283477306365967
0,23,71,L,1469,0.9899775385856628
0,23,71,L,1070,0.9810236692428589
0,23,71,L,8591,0.9633609652519226
0,23,71,L,430,0.9441006779670715
0,23,71,L,3258,0.9377694725990295
0,23,71,L,14614,0.9207350611686707
0,23,71,L,10152,0.9160397052764893
0,23,71,L,6172,0.9141280651092529
0,23,71,L,14411,0.907505214214325
0,23,71,L,5904,0.9061949253082275
0,23,71,L,10655,0.8929809331893921
0,23,71,L,5610,0.889091432094574
0,23,71,L,6860,0.886141836643219
0,23,71,L,3048,0.8692283630371094
0,23,71,L,2435,0.8651790022850037
0,23,71,L,12067,0.8576139211654663
0,23,71,L,8782,0.838995635509491
0,23,71,L,15172,0.8231438398361206
0,23,71,L,12877,0.8187742233276367
0,23,71,L,7768,0.8114690780639648
0,23,72,R,12880,9.550065040588379
0,23,72,R,9211,8.853313446044922
0,23,72,R,13844,7.34946346282959
0,23,72,R,8836,7.2048163414001465
0,23,72,R,5562,6.905646324157715
0,23,72,R,386,6.223226070404053
0,23,72,R,15182,5.8984904289245605
0,23,72,R,1251,5.442129135131836
0,23,72,R,6760,5.366484642028809
0,23,72,R,2578,3.758405923843384
0,23,72,R,2512,3.382983922958374
0,23,72,R,16052,3.036320209503174
0,23,72,R,13630,2.6275806427001953
0,23,72,R,718,2.5940144062042236
0,23,72,R,11903,2.522650957107544
0,23,72,R,14863,2.081369161605835
0,23,72,R,12457,2.0152320861816406
0,23,72,R,9664,1.998274564743042
0,23,72,R,11740,1.9650018215179443
0,23,72,R,3449,1.950043797492981
0,23,72,R,2381,1.8948638439178467
0,23,72,R,9993,1.8555071353912354
0,23,72,R,2917,1.7699716091156006
0,23,72,R,4384,1.7613106966018677
0,23,72,R,11160,1.745232105255127
0,23,72,R,3280,1.4579471349716187
0,23,72,R,8257,1.4212003946304321
0,23,72,R,8400,1.3101098537445068
0,23,72,R,13895,1.258452296257019
0,23,72,R,12676,1.2246137857437134
0,23,72,R,5764,1.192463994026184
0,23,72,R,15628,1.1678991317749023
0,23,72,R,1739,1.1400834321975708
0,23,72,R,11095,1.1008810997009277
0,23,72,R,8782,1.0902671813964844
0,23,72,R,3531,1.0647324323654175
0,23,72,R,7188,1.0554507970809937
0,23,72,R,13395,1.0305659770965576
0,23,72,R,15594,1.028620719909668
0,23,72,R,539,1.0209661722183228
0,23,72,R,7488,0.9894431829452515
0,23,72,R,8317,0.9730947613716125
0,23,72,R,7768,0.9570082426071167
0,23,72,R,2044,0.9528703093528748
0,23,72,R,5466,0.9311996102333069
0,23,72,R,8729,0.9288778305053711
0,23,72,R,2435,0.9209938049316406
0,23,72,R,6012,0.9020318984985352
0,23,72,R,5713,0.8827527165412903
0,23,72,R,14007,0.827118456363678
0,23,72,R,6435,0.8059810400009155
0,23,72,R,6642,0.805463969707489
0,23,72,R,5893,0.8023840188980103
0,23,72,R,498,0.7991036176681519
0,23,72,R,11760,0.7973231077194214
0,23,72,R,9052,0.7913629412651062
0,23,72,R,14190,0.7755018472671509
0,23,72,R,11245,0.7693517804145813
0,23,72,R,7196,0.7646700143814087
0,23,72,R,11801,0.7601169943809509
0,23,72,R,13723,0.7465429306030273
0,23,72,R,169,0.742416262626648
0,23,72,R,8553,0.7381399273872375
0,23,72,R,3048,0.7342899441719055
0,23,73,L,12880,9.434009552001953
0,23,73,L,9211,8.446691513061523
0,23,73,L,5562,7.094876289367676
0,23,73,L,13844,6.845990180969238
0,23,73,L,8836,6.5960917472839355
0,23,73,L,386,5.982027053833008
0,23,73,L,15182,5.597155570983887
0,23,73,L,6760,5.469696044921875
0,23,73,L,1251,4.763476371765137
0,23,73,L,2640,4.621881008148193
0,23,73,L,6524,3.9906935691833496
0,23,73,L,16052,3.3742358684539795
0,23,73,L,13630,2.470043182373047
0,23,73,L,11160,2.4690144062042236
0,23,73,L,2512,2.3194491863250732
0,23,73,L,14863,1.9438685178756714
0,23,73,L,11903,1.8729467391967773
0,23,73,L,8400,1.8574333190917969
0,23,73,L,6546,1.7876249551773071
0,23,73,L,9664,1.7206984758377075
0,23,73,L,8729,1.6930819749832153
0,23,73,L,3449,1.6860640048980713
0,23,73,L,4384,1.6599349975585938
0,23,73,L,2917,1.6434597969055176
0,23,73,L,7188,1.5187790393829346
0,23,73,L,15628,1.4774792194366455
0,23,73,L,5764,1.4387824535369873
0,23,73,L,9993,1.4190951585769653
0,23,73,L,2044,1.3519883155822754
0,23,73,L,3280,1.3302935361862183
0,23,73,L,13895,1.3058586120605469
0,23,73,L,2381,1.2974435091018677
0,23,73,L,15594,1.2832292318344116
0,23,73,L,5466,1.2521512508392334
0,23,73,L,8257,1.2256375551223755
0,23,73,L,7488,1.2061700820922852
0,23,73,L,5713,1.1532080173492432
0,23,73,L,16051,1.1496680974960327
0,23,73,L,9772,1.1376434564590454
0,23,73,L,8379,1.1078792810440063
0,23,73,L,9859,0.9914773106575012
0,23,73,L,8782,0.9641051888465881
0,23,73,L,4771,0.876133382320404
0,23,73,L,6065,0.8719432950019836
0,23,73,L,14190,0.8631370067596436
0,23,73,L,11895,0.8604217767715454
0,23,73,L,10689,0.8526734709739685
0,23,73,L,539,0.8330323100090027
0,23,73,L,3461,0.8310016989707947
0,23,73,L,4391,0.8306413292884827
0,23,73,L,1338,0.8295225501060486
0,23,73,L,4911,0.8291293978691101
0,23,73,L,13723,0.8277379870414734
0,23,73,L,2669,0.8248776197433472
0,23,73,L,8204,0.8105211853981018
0,23,73,L,11427,0.8014393448829651
0,23,73,L,10152,0.7922962307929993
0,23,73,L,12116,0.7909725904464722
0,23,73,L,14007,0.7909175753593445
0,23,73,L,10655,0.7825461626052856
0,23,73,L,2584,0.7745702266693115
0,23,73,L,12457,0.7584402561187744
0,23,73,L,12676,0.7475677132606506
0,23,73,L,13395,0.742780864238739
0,23,74,R,12880,10.185354232788086
0,23,74,R,9211,8.285884857177734
0,23,74,R,13844,7.62280797958374
0,23,74,R,8836,7.248974323272705
0,23,74,R,386,7.088415622711182
0,23,74,R,15182,6.126978874206543
0,23,74,R,6760,5.86815071105957
0,23,74,R,5562,5.706478595733643
0,23,74,R,1251,4.422244548797607
0,23,74,R,2578,3.119664192199707
0,23,74,R,16052,2.9783859252929688
0,23,74,R,11160,2.739597797393799
0,23,74,R,2512,2.691960334777832
0,23,74,R,2269,2.324209213256836
0,23,74,R,13630,2.2767646312713623
0,23,74,R,2917,2.10538911819458
0,23,74,R,11903,2.0343194007873535
0,23,74,R,8400,1.9321281909942627
0,23,74,R,6782,1.8985697031021118
0,23,74,R,6566,1.863207459449768
0,23,74,R,2381,1.7193305492401123
0,23,74,R,9835,1.4012690782546997
0,23,74,R,14863,1.3669029474258423
0,23,74,R,8729,1.3631478548049927
0,23,74,R,9664,1.3506293296813965
0,23,74,R,10689,1.3138610124588013
0,23,74,R,9993,1.2479100227355957
0,23,74,R,5764,1.2225868701934814
0,23,74,R,10235,1.2118571996688843
0,23,74,R,14190,1.2116374969482422
0,23,74,R,6642,1.14387047290802
0,23,74,R,9859,1.095013976097107
0,23,74,R,169,1.0836621522903442
0,23,74,R,2916,1.0799944400787354
0,23,74,R,8420,1.0634024143218994
0,23,74,R,11213,1.0522619485855103
0,23,74,R,4911,1.022937536239624
0,23,74,R,10643,0.9998535513877869
0,23,74,R,13267,0.9896408915519714
0,23,74,R,539,0.9860851168632507
0,23,74,R,15594,0.9540008902549744
0,23,74,R,4476,0.9519769549369812
0,23,74,R,2435,0.945600688457489
0,23,74,R,12457,0.9447270035743713
0,23,74,R,8257,0.9142426252365112
0,23,74,R,11740,0.9104818105697632
0,23,74,R,4384,0.9052807688713074
0,23,74,R,6012,0.9020636081695557
0,23,74,R,5137,0.880476713180542
0,23,74,R,7196,0.8775836825370789
0,23,74,R,3280,0.8612928986549377
0,23,74,R,13895,0.855848491191864
0,23,74,R,6745,0.8548240065574646
0,23,74,R,5466,0.8461610078811646
0,23,74,R,5452,0.8350455164909363
0,23,74,R,2064,0.8292757272720337
0,23,74,R,4833,0.8233439326286316
0,23,74,R,965,0.8159732222557068
0,23,74,R,11095,0.8143066763877869
0,23,74,R,7087,0.8000203967094421
0,23,74,R,5713,0.7923569083213806
0,23,74,R,8817,0.7890475392341614
0,23,74,R,14114,0.7862217426300049
0,23,74,R,6451,0.7707096934318542
0,23,75,G,12880,9.93891716003418
0,23,75,G,9211,8.613996505737305
0,23,75,G,8836,7.420309066772461
0,23,75,G,386,7.3971333503723145
0,23,75,G,13844,6.941131591796875
0,23,75,G,15182,6.810638427734375
0,23,75,G,6760,5.907891273498535
0,23,75,G,5562,5.7875237464904785
0,23,75,G,1251,4.855424880981445
0,23,75,G,9507,4.116090774536133
0,23,75,G,11160,3.653242826461792
0,23,75,G,2512,3.1971607208251953
0,23,75,G,4476,3.1246304512023926
0,23,75,G,9835,2.4858343601226807
0,23,75,G,6642,2.082279682159424
0,23,75,G,13630,2.0398201942443848
0,23,75,G,2640,2.0075507164001465
0,23,75,G,3844,1.843565821647644
0,23,75,G,11903,1.8343650102615356
0,23,75,G,16052,1.798435091972351
0,23,75,G,4303,1.7957569360733032
0,23,75,G,13895,1.7760463953018188
0,23,75,G,2381,1.7212218046188354
0,23,75,G,8400,1.6643424034118652
0,23,75,G,7915,1.4773156642913818
0,23,75,G,361,1.4491856098175049
0,23,75,G,653,1.4326082468032837
0,23,75,G,6012,1.2613511085510254
0,23,75,G,10643,1.2446339130401611
0,23,75,G,15162,1.2166333198547363
0,23,75,G,9993,1.2079658508300781
0,23,75,G,169,1.2024277448654175
0,23,75,G,4911,1.1940728425979614
0,23,75,G,9772,1.1904640197753906
0,23,75,G,10689,1.1435210704803467
0,23,75,G,9664,1.1392573118209839
0,23,75,G,4754,1.1114501953125
0,23,75,G,14190,1.1049376726150513
0,23,75,G,5713,1.0958831310272217
0,23,75,G,15386,1.083187222480774
0,23,75,G,2435,1.071109414100647
0,23,75,G,8053,1.069040298461914
0,23,75,G,10235,1.042580485343933
0,23,75,G,10313,1.032376766204834
0,23,75,G,1626,1.0023880004882812
0,23,75,G,5764,0.9922730326652527
0,23,75,G,9682,0.9874235391616821
0,23,75,G,7196,0.9871924519538879
0,23,75,G,4107,0.9784776568412781
0,23,75,G,13056,0.9752335548400879
0,23,75,G,8729,0.9659793376922607
0,23,75,G,538,0.9542304277420044
0,23,75,G,7486,0.9288517236709595
0,23,75,G,5172,0.9272719621658325
0,23,75,G,6316,0.9120118618011475
0,23,75,G,7416,0.8854993581771851
0,23,75,G,14482,0.8823412656784058
0,23,75,G,9215,0.865348756313324
0,23,75,G,6362,0.8573083281517029
0,23,75,G,14532,0.8561838865280151
0,23,75,G,1637,0.8536216616630554
0,23,75,G,11578,0.8446570634841919
0,23,75,G,2277,0.8431721925735474
0,23,75,G,5893,0.8365227580070496
0,23,76,G,12880,9.238563537597656
0,23,76,G,9211,8.369458198547363
0,23,76,G,386,8.281983375549316
0,23,76,G,13844,8.104292869567871
0,23,76,G,15182,7.7721848487854
0,23,76,G,15386,6.939692497253418
0,23,76,G,8836,6.085994243621826
0,23,76,G,6760,5.839595794677734
0,23,76,G,5562,5.728662490844727
0,23,76,G,1251,3.849850654602051
0,23,76,G,11160,3.7221319675445557
0,23,76,G,9507,3.658540725708008
0,23,76,G,13095,2.8299357891082764
0,23,76,G,2512,2.680426836013794
0,23,76,G,6642,2.4417619705200195
0,23,76,G,653,2.3784379959106445
0,23,76,G,2381,2.233161211013794
0,23,76,G,10689,2.2044830322265625
0,23,76,G,8400,2.029205322265625
0,23,76,G,16052,1.9156144857406616
0,23,76,G,4476,1.799584984779358
0,23,76,G,11903,1.7006771564483643
0,23,76,G,6012,1.6527206897735596
0,23,76,G,13895,1.4086443185806274
0,23,76,G,13630,1.326701045036316
0,23,76,G,5713,1.3172111511230469
0,23,76,G,9993,1.3104015588760376
0,23,76,G,2269,1.1980271339416504
0,23,76,G,10235,1.1965283155441284
0,23,76,G,10643,1.185746431350708
0,23,76,G,14724,1.152863621711731
0,23,76,G,7416,1.1357665061950684
0,23,76,G,7486,1.1039221286773682
0,23,76,G,14482,1.0901564359664917
0,23,76,G,7196,1.0856136083602905
0,23,76,G,10033,1.0422849655151367
0,23,76,G,4754,1.0332086086273193
0,23,76,G,6316,1.0218737125396729
0,23,76,G,361,1.01594078540802
0,23,76,G,7087,0.9961708188056946
0,23,76,G,15991,0.9426187872886658
0,23,76,G,11985,0.9257064461708069
0,23,76,G,14190,0.8984885811805725
0,23,76,G,16375,0.8544110655784607
0,23,76,G,16341,0.8514114022254944
0,23,76,G,10968,0.84819495677948
0,23,76,G,2435,0.8403483033180237
0,23,76,G,8257,0.8371829390525818
0,23,76,G,5034,0.8157814145088196
0,23,76,G,12650,0.8060463070869446
0,23,76,G,12994,0.7940403819084167
0,23,76,G,538,0.7813335061073303
0,23,76,G,14134,0.7780895829200745
0,23,76,G,527,0.769808292388916
0,23,76,G,1003,0.7671950459480286
0,23,76,G,5172,0.7502108812332153
0,23,76,G,10313,0.7431226372718811
0,23,76,G,600,0.7413819432258606
0,23,76,G,3815,0.7301436066627502
0,23,76,G,2440,0.7238149046897888
0,23,76,G,6726,0.7023817896842957
0,23,76,G,15180,0.7003037333488464
0,23,76,G,9463,0.6995456218719482
0,23,76,G,14458,0.6904910206794739
