log_likelihood,avg_log_likelihood,perplexity
-13.3984375,-1.4887152910232544,4.431398391723633
-17.0625,-1.421875,4.144885063171387
