log_likelihood,avg_log_likelihood,perplexity
-13.39843761920929,-1.4887152910232544,4.431398802654564
-17.0625,-1.421875,4.1448848179061955
