qseqid,sseqid,pident,length,mismatch,gapopen,qstart,qend,sstart,send,evalue,bitscore
unnamed,P68871,100.0,147,0,0,1,147,1,147,5.82215e-106,301.212
unnamed,P02024,99.31972789115646,147,1,0,1,147,1,147,2.03472e-105,300.056
unnamed,P02025,98.63013698630137,146,2,0,2,147,1,146,2.96479e-103,294.278
unnamed,P02032,97.26027397260275,146,4,0,2,147,1,146,2.4388e-102,291.967
unnamed,P19885,95.91836734693877,147,6,0,1,147,1,147,4.27408e-102,291.582
