log_likelihood,avg_log_likelihood,perplexity
-123.56443174742164,-2.6290304627110985,13.860325283454888
-29.725183790549636,-1.9816789193699758,7.254913180179884
