log_likelihood,avg_log_likelihood,perplexity
-123.6013019438833,-2.6298149349762405,13.87120259014049
-29.742713695392013,-1.982847579692801,7.263396665549938
