log_likelihood,avg_log_likelihood,perplexity
-3.0568251609802246,-3.056825140793061,21.259952545166016
-2.5688464641571045,-2.568846463319559,13.050761222839355
