mutation,score
S1V,-4.916696071624756
K2A,-0.12589478492736816
wt,0.0
