mutation,score
S1V,-4.916698455810547
K2A,-0.12589585781097412
wt,0.0
