mutation,score
S1V,-4.916696548461914
K2A,-0.12589514255523682
wt,0.0
