mutation,score
S1V,-4.916697025299072
K2A,-0.12589538097381592
wt,0.0
