log_likelihood,avg_log_likelihood,perplexity
-70.16944885253906,-1.4033889770507812,4.068966260118954
-70.9571361541748,-1.419142723083496,4.133575302196796
