log_likelihood,avg_log_likelihood,perplexity
-150.4887394615278,-0.6629459888173032,1.9405006151201225
