log_likelihood,avg_log_likelihood,perplexity
-162.01516573534948,-0.7137231970720241,2.0415783242512413
