log_likelihood,avg_log_likelihood,perplexity
-159.4401564341581,-0.702379543762811,2.018550225854135
