log_likelihood,avg_log_likelihood,perplexity
-26.635031700134277,-2.6635031700134277,14.34645925593845
-24.402740478515625,-2.0335617065429688,7.641253852582983
