{
  "tool_id": "pangolin-score-variants",
  "execution_time": 3.6131227016448975,
  "timestamp": "2026-06-20T23:57:16.359132",
  "success": true,
  "warnings": [],
  "errors": [],
  "metadata": {
    "tissues": [
      "HEART",
      "LIVER",
      "BRAIN",
      "TESTIS"
    ],
    "distance": 50
  },
  "results": [
    {
      "loss_scores": [
        -1.79844591912115e-05,
        -9.504333138465881e-05,
        -0.0002787373960018158,
        -0.0002967938780784607,
        -0.00013387326907832175,
        -7.1339309215545654e-06,
        -0.0002580446598585695,
        -2.471978405083064e-05,
        -0.00023758660245221108,
        -2.423549631203059e-05,
        -8.934736251831055e-05,
        -0.0003781728446483612,
        -1.618017790860904e-06,
        -0.0001008063554763794,
        4.814316980628064e-06,
        -0.00021326541900634766,
        -0.00044836601591669023,
        -6.47480264888145e-05,
        3.7218134821159765e-05,
        -0.0003445682523306459,
        -6.43320381641388e-05,
        -2.09026038646698e-05,
        -0.00028470903635025024,
        -0.0002186112105846405,
        -0.0003253283502999693,
        -6.373351061483845e-05,
        -0.00019953523587901145,
        0.00019585092377383262,
        -0.0002535916864871979,
        0.0002591162919998169,
        -0.00036164745688438416,
        -0.0004218444228172302,
        0.036661047488451004,
        -0.0014970848569646478,
        0.00012689952563960105,
        -0.0007217749953269958,
        -0.0001227135508088395,
        0.00014909480523783714,
        -0.0008966338937170804,
        -2.5796392947086133e-05,
        8.843342220643535e-05,
        -0.0018945758929476142,
        -0.0010029884288087487,
        -3.5062432289123535e-05,
        -0.000561147928237915,
        -0.01149823796004057,
        -0.0004018135368824005,
        2.15222444239771e-05,
        -0.0002897903323173523,
        -0.00012592349958140403,
        -0.00017598520207684487,
        -0.00025188177824020386,
        -0.000552420795429498,
        -0.00015352293848991394,
        -8.463487029075623e-05,
        -0.0003192263247910887,
        -0.00035730996751226485,
        -0.00018614158034324646,
        4.385535794426687e-05,
        -0.00017446155834477395,
        -0.0004971374874003232,
        -0.00011863186955451965,
        -0.00020588810730259866,
        -0.0007481438224203885,
        -0.00040510669350624084
      ],
      "gain_scores": [
        0.0004768446087837219,
        0.00028128051781095564,
        0.0003292734327260405,
        0.00014250849199015647,
        0.0005749489064328372,
        0.0004463257791940123,
        0.0009014892275445163,
        0.0004657357931137085,
        0.0008413481409661472,
        0.0007437877357006073,
        0.0006818237598054111,
        0.00031136596226133406,
        0.00106632465030998,
        0.0003586970269680023,
        0.0005164134199731052,
        0.0002866660652216524,
        0.00010578458750387654,
        0.00041765967034734786,
        0.000563816458452493,
        0.0005448746378533542,
        0.0010763691971078515,
        0.0006901659071445465,
        0.0007230751216411591,
        0.0002752604486886412,
        0.0005487315356731415,
        0.00015564884233754128,
        0.00020727266382891685,
        0.0006476417183876038,
        0.0006317806546576321,
        0.0035309952218085527,
        0.00012579064059536904,
        0.0005223949556238949,
        0.04757942631840706,
        -0.00019994254398625344,
        0.0019192261388525367,
        0.00026141852140426636,
        0.00025901198387145996,
        0.0006302359397523105,
        0.0003168061375617981,
        0.00040861466550268233,
        0.0003375597298145294,
        0.00043501207255758345,
        2.3913880795589648e-05,
        0.0002800723013933748,
        0.0001002711578621529,
        -0.002468559890985489,
        0.00017899771046359092,
        0.0007294577662833035,
        9.418278932571411e-05,
        0.0004252853395882994,
        0.0004845199582632631,
        0.0004989206790924072,
        0.00040206065750680864,
        0.00046971565461717546,
        0.00025425353669561446,
        0.0003894778492394835,
        0.00030098730348981917,
        0.0005832165479660034,
        0.0004785048367921263,
        0.000667555897962302,
        0.00016201783728320152,
        0.0004920649225823581,
        2.647191286087036e-05,
        0.00023168821644503623,
        0.00022996093321125954
      ],
      "increase_position": 0,
      "increase_score": 0.04757942631840706,
      "decrease_position": 13,
      "decrease_score": -0.01149823796004057,
      "metrics": {
        "primary_metric": "max_gain",
        "metric_type": "PangolinVariantMetrics",
        "max_gain": 0.04757942631840706,
        "max_loss": -0.01149823796004057
      }
    }
  ]
}