query_name,query_accession,query_description,query_idx,target_name,target_accession,target_description,evalue,score,bias,sum_score,reported,included,pvalue,num_domains
0,,,0,0,-,-,1.2095575159633138e-53,167.11705017089844,0.8083953857421875,166.98362731933594,True,True,4.0318583865443795e-54,1
0,,,0,1,-,-,1.7989358166241386e-42,131.31687927246094,0.0844268798828125,131.21083068847656,True,True,5.9964527220804614e-43,1
