query_name,query_accession,query_description,query_idx,target_name,target_accession,target_description,evalue,score,bias,sum_score,reported,included,pvalue,num_domains
0,,,0,0,-,-,1.615991013658921e-47,146.93405151367188,0.8264923095703125,146.8037109375,True,True,5.3866367121964037e-48,1
0,,,0,1,-,-,1.6747519220558946e-16,48.288265228271484,0.04694366455078125,47.95941162109375,True,True,5.582506406852982e-17,1
