mutation,score
M0V,-1.338173270225525
K2A,-3.0357701778411865
wt,0.0
